{
  "config": {
    "model": "scratch_cnn",
    "augmentation": "flip-crop",
    "optimizer": "adamw",
    "scheduler": "cosine",
    "epochs": 20,
    "batch_size": 32,
    "learning_rate": 0.001,
    "image_size": 224,
    "freeze_backbone": true,
    "trainable_parameters": 2381010,
    "total_parameters": 2381010
  },
  "training": {
    "train_loss": [
      3.8860494106944823,
      3.7191817428691265,
      3.604662466981087,
      3.5570758520813026,
      3.4985260035476884,
      3.416686619481733,
      3.3988831824685986,
      3.334623062725709,
      3.2945088678341574,
      3.249656055572596,
      3.2145527963052225,
      3.1847414179973272,
      3.141690277115777,
      3.104162317852652,
      3.076679692482819,
      3.049763952335639,
      3.036291977195479,
      2.98973717222445,
      2.983848719364451,
      2.9813554628837915
    ],
    "val_loss": [
      3.665154271514139,
      3.5655849428775315,
      3.4893016137172763,
      3.4335349596071945,
      3.3663983176324335,
      3.279487796396375,
      3.230115491971473,
      3.166572982383188,
      3.1568466674819966,
      3.130592530177973,
      3.0839837466444924,
      3.0355811316435424,
      3.003747218441422,
      2.956170303003492,
      2.9226905882597287,
      2.932404787104343,
      2.9051935943328493,
      2.9156801146722446,
      2.880695813488419,
      2.8830925160956795
    ],
    "val_accuracy": [
      6.542056074766355,
      8.678237650200266,
      10.146862483311082,
      12.950600801068092,
      14.953271028037383,
      17.757009345794394,
      19.359145527369826,
      20.694259012016023,
      19.492656875834445,
      20.427236315086784,
      22.429906542056074,
      24.03204272363151,
      23.097463284379174,
      24.566088117489986,
      25.901201602136183,
      24.833110814419225,
      27.236315086782376,
      26.034712950600802,
      26.7022696929239,
      26.969292389853138
    ],
    "learning_rates": [
      0.0009938441702975688,
      0.0009755282581475768,
      0.0009455032620941839,
      0.0009045084971874737,
      0.0008535533905932737,
      0.0007938926261462366,
      0.0007269952498697733,
      0.0006545084971874737,
      0.0005782172325201155,
      0.0005,
      0.0004217827674798847,
      0.00034549150281252633,
      0.00027300475013022663,
      0.00020610737385376348,
      0.00014644660940672625,
      9.549150281252631e-05,
      5.4496737905816096e-05,
      2.447174185242323e-05,
      6.15582970243117e-06,
      0.0
    ],
    "epoch_times": [
      38.37485957145691,
      37.30151581764221,
      37.234829902648926,
      37.59843564033508,
      38.02586793899536,
      37.125754594802856,
      38.15567064285278,
      36.80816030502319,
      36.88854384422302,
      36.85397934913635,
      36.77527856826782,
      36.89552545547485,
      37.0748827457428,
      37.28176546096802,
      37.065049171447754,
      37.03257513046265,
      37.02943682670593,
      37.97432208061218,
      36.95318150520325,
      38.12664222717285
    ],
    "total_time": 746.5762767791748,
    "best_val_loss": 2.880695813488419
  },
  "evaluation": {
    "overall_accuracy": 28.88,
    "top_k_accuracy": {
      "top_1": 28.88,
      "top_3": 51.36,
      "top_5": 61.36
    },
    "per_class_accuracy": {
      "00.Haleakala_National_Park": 12.0,
      "01.Mount_Rainier_National_Park": 0.0,
      "02.Ljubljana_Castle": 4.0,
      "03.Dead_Sea": 16.0,
      "04.Wroclaws_Dwarves": 44.0,
      "05.London_Olympic_Stadium": 20.0,
      "06.Niagara_Falls": 36.0,
      "07.Stonehenge": 80.0,
      "08.Grand_Canyon": 4.0,
      "09.Golden_Gate_Bridge": 20.0,
      "10.Edinburgh_Castle": 12.0,
      "11.Mount_Rushmore_National_Memorial": 24.0,
      "12.Kantanagar_Temple": 40.0,
      "13.Yellowstone_National_Park": 0.0,
      "14.Terminal_Tower": 56.00000000000001,
      "15.Central_Park": 28.000000000000004,
      "16.Eiffel_Tower": 4.0,
      "17.Changdeokgung": 12.0,
      "18.Delicate_Arch": 76.0,
      "19.Vienna_City_Hall": 12.0,
      "20.Matterhorn": 40.0,
      "21.Taj_Mahal": 4.0,
      "22.Moscow_Raceway": 64.0,
      "23.Externsteine": 12.0,
      "24.Soreq_Cave": 88.0,
      "25.Banff_National_Park": 16.0,
      "26.Pont_du_Gard": 24.0,
      "27.Seattle_Japanese_Garden": 56.00000000000001,
      "28.Sydney_Harbour_Bridge": 20.0,
      "29.Petronas_Towers": 52.0,
      "30.Brooklyn_Bridge": 0.0,
      "31.Washington_Monument": 20.0,
      "32.Hanging_Temple": 40.0,
      "33.Sydney_Opera_House": 16.0,
      "34.Great_Barrier_Reef": 20.0,
      "35.Monumento_a_la_Revolucion": 0.0,
      "36.Badlands_National_Park": 28.000000000000004,
      "37.Atomium": 60.0,
      "38.Forth_Bridge": 32.0,
      "39.Gateway_of_India": 8.0,
      "40.Stockholm_City_Hall": 4.0,
      "41.Machu_Picchu": 32.0,
      "42.Death_Valley_National_Park": 24.0,
      "43.Gullfoss_Falls": 52.0,
      "44.Trevi_Fountain": 84.0,
      "45.Temple_of_Heaven": 0.0,
      "46.Great_Wall_of_China": 12.0,
      "47.Prague_Astronomical_Clock": 68.0,
      "48.Whitby_Abbey": 16.0,
      "49.Temple_of_Olympian_Zeus": 52.0
    }
  }
}