{
  "config": {
    "model": "scratch_cnn",
    "augmentation": "randaug",
    "optimizer": "adamw",
    "scheduler": "warmup-cosine",
    "epochs": 20,
    "batch_size": 32,
    "learning_rate": 0.001,
    "image_size": 224,
    "freeze_backbone": true,
    "trainable_parameters": 2381010,
    "total_parameters": 2381010
  },
  "training": {
    "train_loss": [
      3.9518031366634347,
      3.8331992466196554,
      3.7985321448667206,
      3.720244877978945,
      3.6672124578612033,
      3.634261652529029,
      3.605528006307765,
      3.5712111252797527,
      3.583043597573697,
      3.5243170480883093,
      3.4547963182253083,
      3.4674946920490557,
      3.4170187009708557,
      3.379802871710389,
      3.335638467693486,
      3.3095559200904834,
      3.287164717414448,
      3.2890061469310474,
      3.261962585514339,
      3.2385177413014374
    ],
    "val_loss": [
      3.821234572872778,
      3.622521439922827,
      3.607815862497755,
      3.508853386177399,
      3.4820926899266973,
      3.4230736304666394,
      3.359901560642054,
      3.341710083952574,
      3.315077981897922,
      3.28732360889501,
      3.2389348915645053,
      3.2223319749488373,
      3.1901824910427443,
      3.158191201524518,
      3.1088830934506713,
      3.0726253464320634,
      3.0479626604648073,
      3.050227187822594,
      3.033676532623128,
      3.0308766603788166
    ],
    "val_accuracy": [
      6.141522029372497,
      7.343124165554072,
      10.146862483311082,
      12.950600801068092,
      14.552736982643525,
      13.484646194926569,
      14.953271028037383,
      16.555407209612817,
      17.089452603471294,
      17.356475300400533,
      20.16021361815754,
      18.55807743658211,
      20.827770360480642,
      20.026702269692922,
      21.628838451268358,
      23.097463284379174,
      23.497997329773032,
      23.76502002670227,
      23.89853137516689,
      24.03204272363151
    ],
    "learning_rates": [
      0.00055,
      0.001,
      0.000992403876506104,
      0.0009698463103929542,
      0.0009330127018922194,
      0.0008830222215594889,
      0.0008213938048432695,
      0.0007499999999999999,
      0.0006710100716628344,
      0.0005868240888334652,
      0.0004999999999999999,
      0.00041317591116653475,
      0.00032898992833716573,
      0.00025000000000000006,
      0.00017860619515673028,
      0.00011697777844051103,
      6.698729810778074e-05,
      3.0153689607045835e-05,
      7.5961234938959885e-06,
      0.0
    ],
    "epoch_times": [
      40.99474263191223,
      40.87603306770325,
      40.4390652179718,
      41.27812480926514,
      41.070854902267456,
      40.90174722671509,
      41.347289085388184,
      40.34560513496399,
      40.75240087509155,
      42.810049057006836,
      41.893998861312866,
      41.00698256492615,
      40.637341022491455,
      40.5371880531311,
      40.08669400215149,
      41.30093693733215,
      40.54198861122131,
      41.37296485900879,
      41.27699279785156,
      40.870190143585205
    ],
    "total_time": 820.3411898612976,
    "best_val_loss": 3.0308766603788166
  },
  "evaluation": {
    "overall_accuracy": 24.88,
    "top_k_accuracy": {
      "top_1": 24.88,
      "top_3": 45.84,
      "top_5": 55.92
    },
    "per_class_accuracy": {
      "00.Haleakala_National_Park": 0.0,
      "01.Mount_Rainier_National_Park": 0.0,
      "02.Ljubljana_Castle": 0.0,
      "03.Dead_Sea": 12.0,
      "04.Wroclaws_Dwarves": 36.0,
      "05.London_Olympic_Stadium": 20.0,
      "06.Niagara_Falls": 44.0,
      "07.Stonehenge": 88.0,
      "08.Grand_Canyon": 4.0,
      "09.Golden_Gate_Bridge": 36.0,
      "10.Edinburgh_Castle": 4.0,
      "11.Mount_Rushmore_National_Memorial": 12.0,
      "12.Kantanagar_Temple": 40.0,
      "13.Yellowstone_National_Park": 4.0,
      "14.Terminal_Tower": 52.0,
      "15.Central_Park": 12.0,
      "16.Eiffel_Tower": 8.0,
      "17.Changdeokgung": 8.0,
      "18.Delicate_Arch": 88.0,
      "19.Vienna_City_Hall": 12.0,
      "20.Matterhorn": 20.0,
      "21.Taj_Mahal": 4.0,
      "22.Moscow_Raceway": 16.0,
      "23.Externsteine": 28.000000000000004,
      "24.Soreq_Cave": 84.0,
      "25.Banff_National_Park": 8.0,
      "26.Pont_du_Gard": 28.000000000000004,
      "27.Seattle_Japanese_Garden": 64.0,
      "28.Sydney_Harbour_Bridge": 8.0,
      "29.Petronas_Towers": 32.0,
      "30.Brooklyn_Bridge": 0.0,
      "31.Washington_Monument": 8.0,
      "32.Hanging_Temple": 40.0,
      "33.Sydney_Opera_House": 12.0,
      "34.Great_Barrier_Reef": 8.0,
      "35.Monumento_a_la_Revolucion": 0.0,
      "36.Badlands_National_Park": 24.0,
      "37.Atomium": 44.0,
      "38.Forth_Bridge": 28.000000000000004,
      "39.Gateway_of_India": 0.0,
      "40.Stockholm_City_Hall": 0.0,
      "41.Machu_Picchu": 24.0,
      "42.Death_Valley_National_Park": 20.0,
      "43.Gullfoss_Falls": 60.0,
      "44.Trevi_Fountain": 76.0,
      "45.Temple_of_Heaven": 0.0,
      "46.Great_Wall_of_China": 12.0,
      "47.Prague_Astronomical_Clock": 52.0,
      "48.Whitby_Abbey": 8.0,
      "49.Temple_of_Olympian_Zeus": 56.00000000000001
    }
  }
}