{
  "config": {
    "model": "scratch_cnn",
    "augmentation": "flip-crop",
    "optimizer": "adamw",
    "scheduler": "warmup-cosine",
    "epochs": 20,
    "batch_size": 32,
    "learning_rate": 0.001,
    "image_size": 224,
    "freeze_backbone": true,
    "trainable_parameters": 2381010,
    "total_parameters": 2381010
  },
  "training": {
    "train_loss": [
      3.8945440660512163,
      3.743260785835559,
      3.6523219340544237,
      3.5734459242878,
      3.4915040814795155,
      3.4418775660867604,
      3.377520057041841,
      3.326404069602307,
      3.2570816178812487,
      3.2053592576681935,
      3.1672555962983147,
      3.0712520201570546,
      3.063730872825423,
      3.002405944363437,
      2.9604807095385057,
      2.9276657368341334,
      2.8865914865187934,
      2.872616806225634,
      2.8664821660571977,
      2.8408247278751078
    ],
    "val_loss": [
      3.7561918893388815,
      3.553043195816162,
      3.485702284187755,
      3.3776391755754704,
      3.326880045344578,
      3.2810625956755612,
      3.2258279988858027,
      3.263511760849182,
      3.0597923890611676,
      3.0510155518000848,
      2.977067135045621,
      2.9309582258257594,
      2.897254921565546,
      2.852779200939693,
      2.8202761285932105,
      2.8122118305618837,
      2.7819823598034072,
      2.7531561641413,
      2.7523335353713807,
      2.7547213595126756
    ],
    "val_accuracy": [
      7.610146862483311,
      10.013351134846461,
      14.552736982643525,
      16.555407209612817,
      15.086782376502002,
      17.489986648865152,
      17.757009345794394,
      17.089452603471294,
      21.628838451268358,
      21.762349799732977,
      24.833110814419225,
      24.432576769025367,
      26.30173564753004,
      27.102803738317757,
      28.30440587449933,
      27.903871829105473,
      28.037383177570092,
      29.906542056074766,
      29.906542056074766,
      29.906542056074766
    ],
    "learning_rates": [
      0.00055,
      0.001,
      0.000992403876506104,
      0.0009698463103929542,
      0.0009330127018922194,
      0.0008830222215594889,
      0.0008213938048432695,
      0.0007499999999999999,
      0.0006710100716628344,
      0.0005868240888334652,
      0.0004999999999999999,
      0.00041317591116653475,
      0.00032898992833716573,
      0.00025000000000000006,
      0.00017860619515673028,
      0.00011697777844051103,
      6.698729810778074e-05,
      3.0153689607045835e-05,
      7.5961234938959885e-06,
      0.0
    ],
    "epoch_times": [
      58.31586933135986,
      37.88723683357239,
      37.52237844467163,
      39.01947855949402,
      37.094590187072754,
      36.84970664978027,
      36.90966200828552,
      36.91150140762329,
      37.232072591781616,
      38.162779808044434,
      36.9696946144104,
      37.30912208557129,
      37.85921049118042,
      37.49648666381836,
      37.28190207481384,
      36.90781879425049,
      36.623295545578,
      36.905466079711914,
      37.086291551589966,
      36.58705711364746
    ],
    "total_time": 766.9316208362579,
    "best_val_loss": 2.7523335353713807
  },
  "evaluation": {
    "overall_accuracy": 33.52,
    "top_k_accuracy": {
      "top_1": 33.52,
      "top_3": 54.4,
      "top_5": 64.48
    },
    "per_class_accuracy": {
      "00.Haleakala_National_Park": 0.0,
      "01.Mount_Rainier_National_Park": 4.0,
      "02.Ljubljana_Castle": 0.0,
      "03.Dead_Sea": 16.0,
      "04.Wroclaws_Dwarves": 40.0,
      "05.London_Olympic_Stadium": 40.0,
      "06.Niagara_Falls": 28.000000000000004,
      "07.Stonehenge": 88.0,
      "08.Grand_Canyon": 8.0,
      "09.Golden_Gate_Bridge": 28.000000000000004,
      "10.Edinburgh_Castle": 4.0,
      "11.Mount_Rushmore_National_Memorial": 36.0,
      "12.Kantanagar_Temple": 56.00000000000001,
      "13.Yellowstone_National_Park": 4.0,
      "14.Terminal_Tower": 56.00000000000001,
      "15.Central_Park": 16.0,
      "16.Eiffel_Tower": 4.0,
      "17.Changdeokgung": 16.0,
      "18.Delicate_Arch": 76.0,
      "19.Vienna_City_Hall": 24.0,
      "20.Matterhorn": 48.0,
      "21.Taj_Mahal": 0.0,
      "22.Moscow_Raceway": 60.0,
      "23.Externsteine": 36.0,
      "24.Soreq_Cave": 84.0,
      "25.Banff_National_Park": 20.0,
      "26.Pont_du_Gard": 52.0,
      "27.Seattle_Japanese_Garden": 64.0,
      "28.Sydney_Harbour_Bridge": 40.0,
      "29.Petronas_Towers": 60.0,
      "30.Brooklyn_Bridge": 4.0,
      "31.Washington_Monument": 20.0,
      "32.Hanging_Temple": 52.0,
      "33.Sydney_Opera_House": 24.0,
      "34.Great_Barrier_Reef": 44.0,
      "35.Monumento_a_la_Revolucion": 4.0,
      "36.Badlands_National_Park": 40.0,
      "37.Atomium": 56.00000000000001,
      "38.Forth_Bridge": 32.0,
      "39.Gateway_of_India": 20.0,
      "40.Stockholm_City_Hall": 12.0,
      "41.Machu_Picchu": 12.0,
      "42.Death_Valley_National_Park": 20.0,
      "43.Gullfoss_Falls": 76.0,
      "44.Trevi_Fountain": 80.0,
      "45.Temple_of_Heaven": 0.0,
      "46.Great_Wall_of_China": 32.0,
      "47.Prague_Astronomical_Clock": 60.0,
      "48.Whitby_Abbey": 24.0,
      "49.Temple_of_Olympian_Zeus": 56.00000000000001
    }
  }
}