{
  "config": {
    "model": "scratch_cnn",
    "augmentation": "randaug",
    "optimizer": "adamw",
    "scheduler": "cosine",
    "epochs": 20,
    "batch_size": 32,
    "learning_rate": 0.001,
    "image_size": 224,
    "freeze_backbone": true,
    "trainable_parameters": 2381010,
    "total_parameters": 2381010
  },
  "training": {
    "train_loss": [
      3.966404518689272,
      3.856608660832444,
      3.7876824774628726,
      3.745183101676059,
      3.7058135554289184,
      3.669710686326392,
      3.640173574265295,
      3.6098086862022916,
      3.5979292538689815,
      3.5771697290032956,
      3.5394240187453416,
      3.5003756892408853,
      3.4849084975272033,
      3.4392959436080246,
      3.411226828687186,
      3.399518937146156,
      3.3700903988400994,
      3.3228557219863473,
      3.345122953681685,
      3.3393965686437017
    ],
    "val_loss": [
      3.8158481531690693,
      3.77138813792943,
      3.629376242093951,
      3.5874972343444824,
      3.56141208138103,
      3.5276552227055915,
      3.4873275556296948,
      3.40650358155509,
      3.410211389309892,
      3.373306932691261,
      3.313284707164892,
      3.2698930000590387,
      3.241988736892415,
      3.211875374390382,
      3.1593801112614264,
      3.14450313475167,
      3.122118766858517,
      3.1155027792514245,
      3.108731696697994,
      3.1145330102485076
    ],
    "val_accuracy": [
      5.34045393858478,
      5.607476635514018,
      9.479305740987984,
      12.149532710280374,
      10.146862483311082,
      10.280373831775702,
      12.950600801068092,
      14.018691588785046,
      14.552736982643525,
      15.086782376502002,
      16.822429906542055,
      16.688918558077436,
      16.421895861148197,
      17.890520694259013,
      20.694259012016023,
      21.49532710280374,
      22.162883845126835,
      21.36181575433912,
      20.827770360480642,
      21.36181575433912
    ],
    "learning_rates": [
      0.0009938441702975688,
      0.0009755282581475768,
      0.0009455032620941839,
      0.0009045084971874737,
      0.0008535533905932737,
      0.0007938926261462366,
      0.0007269952498697733,
      0.0006545084971874737,
      0.0005782172325201155,
      0.0005,
      0.0004217827674798847,
      0.00034549150281252633,
      0.00027300475013022663,
      0.00020610737385376348,
      0.00014644660940672625,
      9.549150281252631e-05,
      5.4496737905816096e-05,
      2.447174185242323e-05,
      6.15582970243117e-06,
      0.0
    ],
    "epoch_times": [
      40.84970474243164,
      40.297752380371094,
      40.72483468055725,
      41.099753618240356,
      40.84502053260803,
      41.43198776245117,
      41.03140997886658,
      40.91956043243408,
      40.87554407119751,
      39.99420928955078,
      39.758307456970215,
      41.00941181182861,
      40.14284086227417,
      40.36090302467346,
      41.40592288970947,
      40.56930947303772,
      40.8035843372345,
      41.121604919433594,
      40.614920139312744,
      40.3898720741272
    ],
    "total_time": 814.2464544773102,
    "best_val_loss": 3.108731696697994
  },
  "evaluation": {
    "overall_accuracy": 23.599999999999998,
    "top_k_accuracy": {
      "top_1": 23.6,
      "top_3": 41.28,
      "top_5": 52.16
    },
    "per_class_accuracy": {
      "00.Haleakala_National_Park": 0.0,
      "01.Mount_Rainier_National_Park": 0.0,
      "02.Ljubljana_Castle": 0.0,
      "03.Dead_Sea": 24.0,
      "04.Wroclaws_Dwarves": 36.0,
      "05.London_Olympic_Stadium": 24.0,
      "06.Niagara_Falls": 44.0,
      "07.Stonehenge": 68.0,
      "08.Grand_Canyon": 4.0,
      "09.Golden_Gate_Bridge": 24.0,
      "10.Edinburgh_Castle": 8.0,
      "11.Mount_Rushmore_National_Memorial": 20.0,
      "12.Kantanagar_Temple": 56.00000000000001,
      "13.Yellowstone_National_Park": 0.0,
      "14.Terminal_Tower": 68.0,
      "15.Central_Park": 16.0,
      "16.Eiffel_Tower": 0.0,
      "17.Changdeokgung": 4.0,
      "18.Delicate_Arch": 88.0,
      "19.Vienna_City_Hall": 4.0,
      "20.Matterhorn": 12.0,
      "21.Taj_Mahal": 0.0,
      "22.Moscow_Raceway": 20.0,
      "23.Externsteine": 20.0,
      "24.Soreq_Cave": 80.0,
      "25.Banff_National_Park": 20.0,
      "26.Pont_du_Gard": 12.0,
      "27.Seattle_Japanese_Garden": 60.0,
      "28.Sydney_Harbour_Bridge": 8.0,
      "29.Petronas_Towers": 40.0,
      "30.Brooklyn_Bridge": 0.0,
      "31.Washington_Monument": 12.0,
      "32.Hanging_Temple": 48.0,
      "33.Sydney_Opera_House": 4.0,
      "34.Great_Barrier_Reef": 4.0,
      "35.Monumento_a_la_Revolucion": 0.0,
      "36.Badlands_National_Park": 24.0,
      "37.Atomium": 56.00000000000001,
      "38.Forth_Bridge": 16.0,
      "39.Gateway_of_India": 0.0,
      "40.Stockholm_City_Hall": 0.0,
      "41.Machu_Picchu": 16.0,
      "42.Death_Valley_National_Park": 28.000000000000004,
      "43.Gullfoss_Falls": 44.0,
      "44.Trevi_Fountain": 84.0,
      "45.Temple_of_Heaven": 8.0,
      "46.Great_Wall_of_China": 16.0,
      "47.Prague_Astronomical_Clock": 32.0,
      "48.Whitby_Abbey": 4.0,
      "49.Temple_of_Olympian_Zeus": 24.0
    }
  }
}