{
  "config": {
    "model": "scratch_cnn",
    "augmentation": "mixup",
    "optimizer": "adamw",
    "scheduler": "cosine",
    "epochs": 20,
    "batch_size": 32,
    "learning_rate": 0.001,
    "image_size": 224,
    "freeze_backbone": true,
    "trainable_parameters": 2381010,
    "total_parameters": 2381010
  },
  "training": {
    "train_loss": [
      3.9297854889693866,
      3.7737301003941375,
      3.7189658339904397,
      3.6505844593048096,
      3.6035135780358725,
      3.534928582431514,
      3.537174433350479,
      3.5136183552779054,
      3.492107374179158,
      3.4705736344635896,
      3.425960099638168,
      3.4008854198433354,
      3.343024053600555,
      3.3405811056856103,
      3.3351643269051374,
      3.3059710120211663,
      3.2967988031736284,
      3.2814633800811084,
      3.2822696774713793,
      3.2246936473505117
    ],
    "val_loss": [
      3.7860745288660436,
      3.6242695545481745,
      3.5361931712350474,
      3.468462313128727,
      3.386916165039918,
      3.3140235373747844,
      3.304789632598612,
      3.2715987532097444,
      3.257509942366698,
      3.232596316547674,
      3.220047221482994,
      3.156804491585501,
      3.1311895239337266,
      3.09727460710961,
      3.106914630719275,
      3.077316749239159,
      3.0624294968568115,
      3.0513208354904116,
      3.03462165665722,
      3.022484152593982
    ],
    "val_accuracy": [
      6.008010680907877,
      10.146862483311082,
      12.550066755674232,
      13.35113484646195,
      16.421895861148197,
      17.757009345794394,
      17.890520694259013,
      19.225634178905207,
      19.092122830440587,
      19.626168224299064,
      18.82510013351135,
      20.560747663551403,
      21.762349799732977,
      23.097463284379174,
      23.63150867823765,
      23.364485981308412,
      22.96395193591455,
      24.566088117489986,
      24.833110814419225,
      25.63417890520694
    ],
    "learning_rates": [
      0.0009938441702975688,
      0.0009755282581475768,
      0.0009455032620941839,
      0.0009045084971874737,
      0.0008535533905932737,
      0.0007938926261462366,
      0.0007269952498697733,
      0.0006545084971874737,
      0.0005782172325201155,
      0.0005,
      0.0004217827674798847,
      0.00034549150281252633,
      0.00027300475013022663,
      0.00020610737385376348,
      0.00014644660940672625,
      9.549150281252631e-05,
      5.4496737905816096e-05,
      2.447174185242323e-05,
      6.15582970243117e-06,
      0.0
    ],
    "epoch_times": [
      38.526559591293335,
      38.11826157569885,
      37.95677995681763,
      38.13845181465149,
      37.96635580062866,
      37.73322343826294,
      38.00023603439331,
      37.99982976913452,
      37.916637659072876,
      38.00166845321655,
      38.09143590927124,
      38.20283913612366,
      37.88446378707886,
      38.01589035987854,
      37.99763894081116,
      37.822611808776855,
      38.32734799385071,
      37.09390640258789,
      37.68281316757202,
      37.41331934928894
    ],
    "total_time": 758.89027094841,
    "best_val_loss": 3.022484152593982
  },
  "evaluation": {
    "overall_accuracy": 25.6,
    "top_k_accuracy": {
      "top_1": 25.6,
      "top_3": 45.68,
      "top_5": 56.08
    },
    "per_class_accuracy": {
      "00.Haleakala_National_Park": 4.0,
      "01.Mount_Rainier_National_Park": 0.0,
      "02.Ljubljana_Castle": 0.0,
      "03.Dead_Sea": 12.0,
      "04.Wroclaws_Dwarves": 44.0,
      "05.London_Olympic_Stadium": 16.0,
      "06.Niagara_Falls": 44.0,
      "07.Stonehenge": 76.0,
      "08.Grand_Canyon": 4.0,
      "09.Golden_Gate_Bridge": 24.0,
      "10.Edinburgh_Castle": 0.0,
      "11.Mount_Rushmore_National_Memorial": 20.0,
      "12.Kantanagar_Temple": 48.0,
      "13.Yellowstone_National_Park": 0.0,
      "14.Terminal_Tower": 56.00000000000001,
      "15.Central_Park": 12.0,
      "16.Eiffel_Tower": 0.0,
      "17.Changdeokgung": 36.0,
      "18.Delicate_Arch": 72.0,
      "19.Vienna_City_Hall": 12.0,
      "20.Matterhorn": 28.000000000000004,
      "21.Taj_Mahal": 0.0,
      "22.Moscow_Raceway": 52.0,
      "23.Externsteine": 28.000000000000004,
      "24.Soreq_Cave": 80.0,
      "25.Banff_National_Park": 20.0,
      "26.Pont_du_Gard": 8.0,
      "27.Seattle_Japanese_Garden": 60.0,
      "28.Sydney_Harbour_Bridge": 8.0,
      "29.Petronas_Towers": 40.0,
      "30.Brooklyn_Bridge": 4.0,
      "31.Washington_Monument": 8.0,
      "32.Hanging_Temple": 24.0,
      "33.Sydney_Opera_House": 4.0,
      "34.Great_Barrier_Reef": 16.0,
      "35.Monumento_a_la_Revolucion": 0.0,
      "36.Badlands_National_Park": 20.0,
      "37.Atomium": 60.0,
      "38.Forth_Bridge": 32.0,
      "39.Gateway_of_India": 16.0,
      "40.Stockholm_City_Hall": 0.0,
      "41.Machu_Picchu": 28.000000000000004,
      "42.Death_Valley_National_Park": 16.0,
      "43.Gullfoss_Falls": 28.000000000000004,
      "44.Trevi_Fountain": 72.0,
      "45.Temple_of_Heaven": 4.0,
      "46.Great_Wall_of_China": 28.000000000000004,
      "47.Prague_Astronomical_Clock": 56.00000000000001,
      "48.Whitby_Abbey": 4.0,
      "49.Temple_of_Olympian_Zeus": 56.00000000000001
    }
  }
}