{
  "config": {
    "model": "scratch_cnn",
    "augmentation": "mixup",
    "optimizer": "adamw",
    "scheduler": "warmup-cosine",
    "epochs": 20,
    "batch_size": 32,
    "learning_rate": 0.001,
    "image_size": 224,
    "freeze_backbone": true,
    "trainable_parameters": 2381010,
    "total_parameters": 2381010
  },
  "training": {
    "train_loss": [
      3.9097488612490934,
      3.8048289747891606,
      3.7344211535591896,
      3.631092808907358,
      3.5826362963421134,
      3.499720986264999,
      3.443947694429039,
      3.4047923056636384,
      3.3808881680151983,
      3.323224810619817,
      3.2675089658724157,
      3.229067709520617,
      3.2389807355861424,
      3.1787875138200365,
      3.1837902778116205,
      3.076344702084934,
      3.131469135091309,
      3.0706458515017236,
      3.053102539319388,
      3.0728032562573824
    ],
    "val_loss": [
      3.76016633278219,
      3.5735631224628444,
      3.4854507650011213,
      3.330707289029823,
      3.3608112064636595,
      3.240431627062198,
      3.1938983614199628,
      3.1689594899700864,
      3.1460844308575577,
      3.051916671213066,
      3.007232609355402,
      2.9500638614191073,
      2.9190860300738914,
      2.864577637177125,
      2.8447310870416334,
      2.8277406641574343,
      2.793300034366399,
      2.776920536013248,
      2.7730503480170214,
      2.7609414774203334
    ],
    "val_accuracy": [
      6.408544726301735,
      8.945260347129507,
      11.214953271028037,
      15.7543391188251,
      14.819759679572764,
      18.82510013351135,
      19.359145527369826,
      18.42456608811749,
      20.560747663551403,
      22.83044058744993,
      25.767690253671564,
      25.767690253671564,
      27.236315086782376,
      28.83845126835781,
      29.37249666221629,
      29.639519359145527,
      30.040053404539385,
      30.8411214953271,
      30.97463284379172,
      31.64218958611482
    ],
    "learning_rates": [
      0.00055,
      0.001,
      0.000992403876506104,
      0.0009698463103929542,
      0.0009330127018922194,
      0.0008830222215594889,
      0.0008213938048432695,
      0.0007499999999999999,
      0.0006710100716628344,
      0.0005868240888334652,
      0.0004999999999999999,
      0.00041317591116653475,
      0.00032898992833716573,
      0.00025000000000000006,
      0.00017860619515673028,
      0.00011697777844051103,
      6.698729810778074e-05,
      3.0153689607045835e-05,
      7.5961234938959885e-06,
      0.0
    ],
    "epoch_times": [
      37.688016176223755,
      36.97352623939514,
      37.39588522911072,
      37.26997208595276,
      37.11419224739075,
      37.44738721847534,
      37.0357141494751,
      37.0172803401947,
      37.04756307601929,
      37.26888179779053,
      37.10884881019592,
      36.88444137573242,
      36.83738470077515,
      37.13412117958069,
      36.88343095779419,
      37.114394664764404,
      37.20188355445862,
      37.10933041572571,
      37.398518800735474,
      36.94591665267944
    ],
    "total_time": 742.8766896724701,
    "best_val_loss": 2.7609414774203334
  },
  "evaluation": {
    "overall_accuracy": 35.68,
    "top_k_accuracy": {
      "top_1": 35.68,
      "top_3": 54.56,
      "top_5": 65.36
    },
    "per_class_accuracy": {
      "00.Haleakala_National_Park": 8.0,
      "01.Mount_Rainier_National_Park": 0.0,
      "02.Ljubljana_Castle": 0.0,
      "03.Dead_Sea": 20.0,
      "04.Wroclaws_Dwarves": 44.0,
      "05.London_Olympic_Stadium": 36.0,
      "06.Niagara_Falls": 32.0,
      "07.Stonehenge": 88.0,
      "08.Grand_Canyon": 8.0,
      "09.Golden_Gate_Bridge": 44.0,
      "10.Edinburgh_Castle": 16.0,
      "11.Mount_Rushmore_National_Memorial": 20.0,
      "12.Kantanagar_Temple": 68.0,
      "13.Yellowstone_National_Park": 4.0,
      "14.Terminal_Tower": 64.0,
      "15.Central_Park": 24.0,
      "16.Eiffel_Tower": 8.0,
      "17.Changdeokgung": 24.0,
      "18.Delicate_Arch": 92.0,
      "19.Vienna_City_Hall": 40.0,
      "20.Matterhorn": 40.0,
      "21.Taj_Mahal": 0.0,
      "22.Moscow_Raceway": 68.0,
      "23.Externsteine": 36.0,
      "24.Soreq_Cave": 84.0,
      "25.Banff_National_Park": 24.0,
      "26.Pont_du_Gard": 44.0,
      "27.Seattle_Japanese_Garden": 64.0,
      "28.Sydney_Harbour_Bridge": 28.000000000000004,
      "29.Petronas_Towers": 52.0,
      "30.Brooklyn_Bridge": 12.0,
      "31.Washington_Monument": 28.000000000000004,
      "32.Hanging_Temple": 56.00000000000001,
      "33.Sydney_Opera_House": 20.0,
      "34.Great_Barrier_Reef": 36.0,
      "35.Monumento_a_la_Revolucion": 12.0,
      "36.Badlands_National_Park": 28.000000000000004,
      "37.Atomium": 68.0,
      "38.Forth_Bridge": 52.0,
      "39.Gateway_of_India": 12.0,
      "40.Stockholm_City_Hall": 4.0,
      "41.Machu_Picchu": 40.0,
      "42.Death_Valley_National_Park": 16.0,
      "43.Gullfoss_Falls": 72.0,
      "44.Trevi_Fountain": 84.0,
      "45.Temple_of_Heaven": 4.0,
      "46.Great_Wall_of_China": 16.0,
      "47.Prague_Astronomical_Clock": 64.0,
      "48.Whitby_Abbey": 20.0,
      "49.Temple_of_Olympian_Zeus": 60.0
    }
  }
}