{
  "config": {
    "model": "tl_convnext",
    "augmentation": "randaug",
    "optimizer": "adamw",
    "scheduler": "cosine",
    "epochs": 20,
    "batch_size": 32,
    "learning_rate": 0.001,
    "image_size": 224,
    "freeze_backbone": true,
    "trainable_parameters": 38450,
    "total_parameters": 27858578
  },
  "training": {
    "train_loss": [
      2.107890504400731,
      0.9916897760943185,
      0.7412142367932216,
      0.6146686669655735,
      0.5355742144070992,
      0.4751520250751351,
      0.4200214966903554,
      0.38715359054230397,
      0.3533601576099683,
      0.3284653705451133,
      0.3070951195458735,
      0.28459485652364225,
      0.2790517757956157,
      0.27256299086197533,
      0.26337014670256365,
      0.2521208593052136,
      0.24422696965047266,
      0.24620517736249511,
      0.2407550458132533,
      0.24467464166092318
    ],
    "val_loss": [
      1.1738432945014639,
      0.8702192874712364,
      0.770087089334852,
      0.7127399247224245,
      0.6756342316819766,
      0.6580232114435356,
      0.6407881577279125,
      0.6284430071572277,
      0.6224926062356009,
      0.6160878361624297,
      0.6081814493770116,
      0.6054047568936214,
      0.6009681751635746,
      0.5986112380059603,
      0.5968122865870416,
      0.5969086992088084,
      0.5976349242698048,
      0.5971142823928507,
      0.5966362657152285,
      0.5965591096114093
    ],
    "val_accuracy": [
      74.49933244325767,
      78.63818424566088,
      80.37383177570094,
      81.97596795727637,
      82.9105473965287,
      83.04405874499332,
      82.9105473965287,
      83.71161548731642,
      83.5781041388518,
      83.5781041388518,
      83.97863818424567,
      83.97863818424567,
      84.11214953271028,
      84.11214953271028,
      83.97863818424567,
      84.2456608811749,
      84.11214953271028,
      84.11214953271028,
      84.11214953271028,
      84.11214953271028
    ],
    "learning_rates": [
      0.0009938441702975688,
      0.0009755282581475768,
      0.0009455032620941839,
      0.0009045084971874737,
      0.0008535533905932737,
      0.0007938926261462366,
      0.0007269952498697733,
      0.0006545084971874737,
      0.0005782172325201155,
      0.0005,
      0.0004217827674798847,
      0.00034549150281252633,
      0.00027300475013022663,
      0.00020610737385376348,
      0.00014644660940672625,
      9.549150281252631e-05,
      5.4496737905816096e-05,
      2.447174185242323e-05,
      6.15582970243117e-06,
      0.0
    ],
    "epoch_times": [
      41.15415143966675,
      42.71783256530762,
      42.37115979194641,
      44.09654426574707,
      42.429060220718384,
      42.9677574634552,
      42.419654846191406,
      42.460184812545776,
      43.15382790565491,
      43.60479784011841,
      41.50299525260925,
      41.52306032180786,
      42.05079889297485,
      41.46449041366577,
      41.64707541465759,
      41.56630492210388,
      41.625738859176636,
      41.50306701660156,
      42.07139039039612,
      62.22269868850708
    ],
    "total_time": 864.5525913238525,
    "best_val_loss": 0.5965591096114093
  },
  "evaluation": {
    "overall_accuracy": 85.36,
    "top_k_accuracy": {
      "top_1": 85.36,
      "top_3": 94.88,
      "top_5": 96.88
    },
    "per_class_accuracy": {
      "00.Haleakala_National_Park": 80.0,
      "01.Mount_Rainier_National_Park": 52.0,
      "02.Ljubljana_Castle": 84.0,
      "03.Dead_Sea": 60.0,
      "04.Wroclaws_Dwarves": 96.0,
      "05.London_Olympic_Stadium": 92.0,
      "06.Niagara_Falls": 64.0,
      "07.Stonehenge": 100.0,
      "08.Grand_Canyon": 84.0,
      "09.Golden_Gate_Bridge": 92.0,
      "10.Edinburgh_Castle": 84.0,
      "11.Mount_Rushmore_National_Memorial": 80.0,
      "12.Kantanagar_Temple": 96.0,
      "13.Yellowstone_National_Park": 52.0,
      "14.Terminal_Tower": 96.0,
      "15.Central_Park": 56.00000000000001,
      "16.Eiffel_Tower": 96.0,
      "17.Changdeokgung": 72.0,
      "18.Delicate_Arch": 100.0,
      "19.Vienna_City_Hall": 88.0,
      "20.Matterhorn": 84.0,
      "21.Taj_Mahal": 96.0,
      "22.Moscow_Raceway": 92.0,
      "23.Externsteine": 96.0,
      "24.Soreq_Cave": 100.0,
      "25.Banff_National_Park": 80.0,
      "26.Pont_du_Gard": 96.0,
      "27.Seattle_Japanese_Garden": 84.0,
      "28.Sydney_Harbour_Bridge": 84.0,
      "29.Petronas_Towers": 96.0,
      "30.Brooklyn_Bridge": 96.0,
      "31.Washington_Monument": 80.0,
      "32.Hanging_Temple": 84.0,
      "33.Sydney_Opera_House": 84.0,
      "34.Great_Barrier_Reef": 84.0,
      "35.Monumento_a_la_Revolucion": 80.0,
      "36.Badlands_National_Park": 88.0,
      "37.Atomium": 92.0,
      "38.Forth_Bridge": 92.0,
      "39.Gateway_of_India": 96.0,
      "40.Stockholm_City_Hall": 88.0,
      "41.Machu_Picchu": 88.0,
      "42.Death_Valley_National_Park": 60.0,
      "43.Gullfoss_Falls": 92.0,
      "44.Trevi_Fountain": 100.0,
      "45.Temple_of_Heaven": 88.0,
      "46.Great_Wall_of_China": 88.0,
      "47.Prague_Astronomical_Clock": 100.0,
      "48.Whitby_Abbey": 68.0,
      "49.Temple_of_Olympian_Zeus": 88.0
    }
  }
}