{
  "config": {
    "model": "tl_convnext",
    "augmentation": "randaug",
    "optimizer": "adamw",
    "scheduler": "warmup-cosine",
    "epochs": 20,
    "batch_size": 32,
    "learning_rate": 0.001,
    "image_size": 224,
    "freeze_backbone": true,
    "trainable_parameters": 38450,
    "total_parameters": 27858578
  },
  "training": {
    "train_loss": [
      3.6223654537052723,
      2.2488557146048587,
      1.1955065173712063,
      0.8348555308890562,
      0.6817910050978121,
      0.5866980954481906,
      0.506908768656845,
      0.45619402269012427,
      0.4095571831251162,
      0.3773638951741922,
      0.3595625483164485,
      0.32555409374729954,
      0.3150714501187693,
      0.29392674027792787,
      0.2894711468411749,
      0.27828307805242103,
      0.2729324535051177,
      0.2696399710053187,
      0.2725314013054715,
      0.2709547563464551
    ],
    "val_loss": [
      3.3106187055203242,
      1.5263820124245453,
      0.989166839418806,
      0.8309642776787202,
      0.7594587632587978,
      0.7189900623622023,
      0.6865227095116283,
      0.6676561514112118,
      0.6530625584606176,
      0.6410308524031187,
      0.629698450001919,
      0.6264311436499073,
      0.6214190158092768,
      0.6213164771987854,
      0.6187083549270325,
      0.6180407555303841,
      0.6160072406557437,
      0.6163770797574154,
      0.6157264531215775,
      0.6156788308407182
    ],
    "val_accuracy": [
      37.11615487316422,
      70.62750333778371,
      77.30307076101468,
      79.70627503337784,
      81.70894526034714,
      82.24299065420561,
      81.84245660881174,
      83.44459279038718,
      83.84512683578104,
      83.5781041388518,
      83.5781041388518,
      83.71161548731642,
      83.84512683578104,
      83.5781041388518,
      83.84512683578104,
      83.84512683578104,
      83.84512683578104,
      83.84512683578104,
      83.84512683578104,
      83.84512683578104
    ],
    "learning_rates": [
      0.00055,
      0.001,
      0.000992403876506104,
      0.0009698463103929542,
      0.0009330127018922194,
      0.0008830222215594889,
      0.0008213938048432695,
      0.0007499999999999999,
      0.0006710100716628344,
      0.0005868240888334652,
      0.0004999999999999999,
      0.00041317591116653475,
      0.00032898992833716573,
      0.00025000000000000006,
      0.00017860619515673028,
      0.00011697777844051103,
      6.698729810778074e-05,
      3.0153689607045835e-05,
      7.5961234938959885e-06,
      0.0
    ],
    "epoch_times": [
      45.53666877746582,
      41.84667992591858,
      41.637038707733154,
      41.697344064712524,
      42.60733699798584,
      42.74120235443115,
      42.697710037231445,
      42.774272203445435,
      42.39074516296387,
      43.21484398841858,
      42.81802582740784,
      43.01471161842346,
      41.86044788360596,
      41.47503089904785,
      41.68414092063904,
      41.368653535842896,
      41.54160451889038,
      42.36961102485657,
      42.36693501472473,
      41.855396032333374
    ],
    "total_time": 847.4983994960785,
    "best_val_loss": 0.6156788308407182
  },
  "evaluation": {
    "overall_accuracy": 85.92,
    "top_k_accuracy": {
      "top_1": 85.92,
      "top_3": 94.72,
      "top_5": 96.88
    },
    "per_class_accuracy": {
      "00.Haleakala_National_Park": 84.0,
      "01.Mount_Rainier_National_Park": 44.0,
      "02.Ljubljana_Castle": 88.0,
      "03.Dead_Sea": 72.0,
      "04.Wroclaws_Dwarves": 96.0,
      "05.London_Olympic_Stadium": 92.0,
      "06.Niagara_Falls": 68.0,
      "07.Stonehenge": 100.0,
      "08.Grand_Canyon": 88.0,
      "09.Golden_Gate_Bridge": 92.0,
      "10.Edinburgh_Castle": 84.0,
      "11.Mount_Rushmore_National_Memorial": 80.0,
      "12.Kantanagar_Temple": 96.0,
      "13.Yellowstone_National_Park": 52.0,
      "14.Terminal_Tower": 96.0,
      "15.Central_Park": 64.0,
      "16.Eiffel_Tower": 96.0,
      "17.Changdeokgung": 72.0,
      "18.Delicate_Arch": 100.0,
      "19.Vienna_City_Hall": 84.0,
      "20.Matterhorn": 84.0,
      "21.Taj_Mahal": 92.0,
      "22.Moscow_Raceway": 92.0,
      "23.Externsteine": 96.0,
      "24.Soreq_Cave": 100.0,
      "25.Banff_National_Park": 84.0,
      "26.Pont_du_Gard": 96.0,
      "27.Seattle_Japanese_Garden": 84.0,
      "28.Sydney_Harbour_Bridge": 92.0,
      "29.Petronas_Towers": 96.0,
      "30.Brooklyn_Bridge": 96.0,
      "31.Washington_Monument": 80.0,
      "32.Hanging_Temple": 88.0,
      "33.Sydney_Opera_House": 80.0,
      "34.Great_Barrier_Reef": 84.0,
      "35.Monumento_a_la_Revolucion": 76.0,
      "36.Badlands_National_Park": 88.0,
      "37.Atomium": 92.0,
      "38.Forth_Bridge": 92.0,
      "39.Gateway_of_India": 96.0,
      "40.Stockholm_City_Hall": 84.0,
      "41.Machu_Picchu": 88.0,
      "42.Death_Valley_National_Park": 60.0,
      "43.Gullfoss_Falls": 92.0,
      "44.Trevi_Fountain": 100.0,
      "45.Temple_of_Heaven": 88.0,
      "46.Great_Wall_of_China": 88.0,
      "47.Prague_Astronomical_Clock": 100.0,
      "48.Whitby_Abbey": 68.0,
      "49.Temple_of_Olympian_Zeus": 92.0
    }
  }
}