{
  "config": {
    "model": "tl_convnext",
    "augmentation": "mixup",
    "optimizer": "adamw",
    "scheduler": "warmup-cosine",
    "epochs": 20,
    "batch_size": 32,
    "learning_rate": 0.001,
    "image_size": 224,
    "freeze_backbone": true,
    "trainable_parameters": 38450,
    "total_parameters": 27858578
  },
  "training": {
    "train_loss": [
      3.687286284100681,
      2.506844393135324,
      1.556173037171841,
      1.2964487264991116,
      1.1000242743922706,
      1.0031898119939702,
      1.012379020094619,
      0.9197236215026906,
      0.8747121707282124,
      0.8784445089425988,
      0.8778268333769192,
      0.8281095267633339,
      0.8819911783236123,
      0.9385711147219876,
      0.7378384386030735,
      0.8181535097074587,
      0.8860429683474336,
      0.7591908456705474,
      0.8056314896773753,
      0.8587200434482432
    ],
    "val_loss": [
      3.304665688042329,
      1.5537673016893212,
      1.0021052473536798,
      0.842150299030248,
      0.773024504748142,
      0.7220423517621885,
      0.7068448159023025,
      0.6774357092555597,
      0.6560098953017883,
      0.6481520134871092,
      0.6439275490107619,
      0.638985501271542,
      0.6397916821835038,
      0.6354703000772779,
      0.6317229979187847,
      0.6297394279166758,
      0.6288021572123224,
      0.6277996241170988,
      0.6275973666971612,
      0.6275886903617666
    ],
    "val_accuracy": [
      39.51935914552737,
      70.89452603471295,
      77.30307076101468,
      80.10680907877169,
      81.30841121495327,
      82.24299065420561,
      81.97596795727637,
      82.77703604806409,
      83.44459279038718,
      83.5781041388518,
      84.11214953271028,
      83.5781041388518,
      83.04405874499332,
      83.44459279038718,
      83.5781041388518,
      83.17757009345794,
      83.31108144192257,
      83.44459279038718,
      83.44459279038718,
      83.31108144192257
    ],
    "learning_rates": [
      0.00055,
      0.001,
      0.000992403876506104,
      0.0009698463103929542,
      0.0009330127018922194,
      0.0008830222215594889,
      0.0008213938048432695,
      0.0007499999999999999,
      0.0006710100716628344,
      0.0005868240888334652,
      0.0004999999999999999,
      0.00041317591116653475,
      0.00032898992833716573,
      0.00025000000000000006,
      0.00017860619515673028,
      0.00011697777844051103,
      6.698729810778074e-05,
      3.0153689607045835e-05,
      7.5961234938959885e-06,
      0.0
    ],
    "epoch_times": [
      37.153202533721924,
      40.07252621650696,
      38.87647795677185,
      37.368521213531494,
      38.18061804771423,
      38.49750757217407,
      37.49779200553894,
      37.65374994277954,
      37.47273802757263,
      37.79839777946472,
      38.54307770729065,
      37.455220460891724,
      38.82509684562683,
      38.08264946937561,
      37.77424502372742,
      37.898967027664185,
      37.16696071624756,
      38.558430910110474,
      37.84536385536194,
      37.674479961395264
    ],
    "total_time": 760.396023273468,
    "best_val_loss": 0.6275886903617666
  },
  "evaluation": {
    "overall_accuracy": 85.68,
    "top_k_accuracy": {
      "top_1": 85.68,
      "top_3": 94.64,
      "top_5": 96.08
    },
    "per_class_accuracy": {
      "00.Haleakala_National_Park": 80.0,
      "01.Mount_Rainier_National_Park": 44.0,
      "02.Ljubljana_Castle": 88.0,
      "03.Dead_Sea": 68.0,
      "04.Wroclaws_Dwarves": 96.0,
      "05.London_Olympic_Stadium": 92.0,
      "06.Niagara_Falls": 64.0,
      "07.Stonehenge": 100.0,
      "08.Grand_Canyon": 84.0,
      "09.Golden_Gate_Bridge": 96.0,
      "10.Edinburgh_Castle": 88.0,
      "11.Mount_Rushmore_National_Memorial": 76.0,
      "12.Kantanagar_Temple": 96.0,
      "13.Yellowstone_National_Park": 56.00000000000001,
      "14.Terminal_Tower": 96.0,
      "15.Central_Park": 60.0,
      "16.Eiffel_Tower": 96.0,
      "17.Changdeokgung": 80.0,
      "18.Delicate_Arch": 96.0,
      "19.Vienna_City_Hall": 96.0,
      "20.Matterhorn": 84.0,
      "21.Taj_Mahal": 92.0,
      "22.Moscow_Raceway": 92.0,
      "23.Externsteine": 96.0,
      "24.Soreq_Cave": 100.0,
      "25.Banff_National_Park": 76.0,
      "26.Pont_du_Gard": 96.0,
      "27.Seattle_Japanese_Garden": 88.0,
      "28.Sydney_Harbour_Bridge": 84.0,
      "29.Petronas_Towers": 96.0,
      "30.Brooklyn_Bridge": 96.0,
      "31.Washington_Monument": 84.0,
      "32.Hanging_Temple": 88.0,
      "33.Sydney_Opera_House": 76.0,
      "34.Great_Barrier_Reef": 84.0,
      "35.Monumento_a_la_Revolucion": 72.0,
      "36.Badlands_National_Park": 88.0,
      "37.Atomium": 96.0,
      "38.Forth_Bridge": 92.0,
      "39.Gateway_of_India": 96.0,
      "40.Stockholm_City_Hall": 84.0,
      "41.Machu_Picchu": 88.0,
      "42.Death_Valley_National_Park": 60.0,
      "43.Gullfoss_Falls": 92.0,
      "44.Trevi_Fountain": 100.0,
      "45.Temple_of_Heaven": 88.0,
      "46.Great_Wall_of_China": 84.0,
      "47.Prague_Astronomical_Clock": 100.0,
      "48.Whitby_Abbey": 68.0,
      "49.Temple_of_Olympian_Zeus": 92.0
    }
  }
}