{
  "config": {
    "model": "tl_convnext",
    "augmentation": "mixup",
    "optimizer": "adamw",
    "scheduler": "cosine",
    "epochs": 20,
    "batch_size": 32,
    "learning_rate": 0.001,
    "image_size": 224,
    "freeze_backbone": true,
    "trainable_parameters": 38450,
    "total_parameters": 27858578
  },
  "training": {
    "train_loss": [
      2.394499426958054,
      1.3728601373109308,
      1.263084473387056,
      1.144180193266252,
      0.9772696564527071,
      0.9279532735772152,
      0.8841403168960547,
      0.9059255082017258,
      0.8910170192855483,
      0.8635286058654273,
      0.8754344625222646,
      0.8679785934200785,
      0.7641096934693713,
      0.7946987068313471,
      0.7571750003252418,
      0.7771499490131624,
      0.8263079513514325,
      0.8311559529249208,
      0.8392860721581847,
      0.6846913144690642
    ],
    "val_loss": [
      1.2078512461385995,
      0.9127712510774865,
      0.8011469648422322,
      0.7503862791608905,
      0.7125048815647018,
      0.6919952737632518,
      0.6700746615197216,
      0.6571125185219086,
      0.6504232399613262,
      0.6418591292104988,
      0.6410501453682322,
      0.6350594260823106,
      0.6321691818963064,
      0.6261896448873869,
      0.62286646057353,
      0.6233165526740223,
      0.6234047487676542,
      0.6231621365362557,
      0.6229746317831633,
      0.6228436812539604
    ],
    "val_accuracy": [
      75.16688918558077,
      78.23765020026703,
      79.97329773030708,
      81.70894526034714,
      81.97596795727637,
      82.37650200267022,
      83.04405874499332,
      83.5781041388518,
      82.64352469959947,
      83.97863818424567,
      82.51001335113484,
      83.5781041388518,
      83.71161548731642,
      84.11214953271028,
      84.51268357810414,
      84.51268357810414,
      84.37917222963952,
      84.37917222963952,
      84.2456608811749,
      84.37917222963952
    ],
    "learning_rates": [
      0.0009938441702975688,
      0.0009755282581475768,
      0.0009455032620941839,
      0.0009045084971874737,
      0.0008535533905932737,
      0.0007938926261462366,
      0.0007269952498697733,
      0.0006545084971874737,
      0.0005782172325201155,
      0.0005,
      0.0004217827674798847,
      0.00034549150281252633,
      0.00027300475013022663,
      0.00020610737385376348,
      0.00014644660940672625,
      9.549150281252631e-05,
      5.4496737905816096e-05,
      2.447174185242323e-05,
      6.15582970243117e-06,
      0.0
    ],
    "epoch_times": [
      37.8778133392334,
      37.412307262420654,
      37.359222650527954,
      37.27759623527527,
      37.794405698776245,
      37.4567596912384,
      37.974931478500366,
      36.92838501930237,
      37.148029088974,
      37.45219850540161,
      37.823610067367554,
      37.08762168884277,
      37.490177631378174,
      37.92685317993164,
      37.46263647079468,
      38.19752836227417,
      37.56802535057068,
      36.993202209472656,
      37.068307638168335,
      37.24771571159363
    ],
    "total_time": 749.5473272800446,
    "best_val_loss": 0.6228436812539604
  },
  "evaluation": {
    "overall_accuracy": 86.72,
    "top_k_accuracy": {
      "top_1": 86.72,
      "top_3": 94.48,
      "top_5": 96.16
    },
    "per_class_accuracy": {
      "00.Haleakala_National_Park": 80.0,
      "01.Mount_Rainier_National_Park": 52.0,
      "02.Ljubljana_Castle": 92.0,
      "03.Dead_Sea": 64.0,
      "04.Wroclaws_Dwarves": 100.0,
      "05.London_Olympic_Stadium": 92.0,
      "06.Niagara_Falls": 64.0,
      "07.Stonehenge": 100.0,
      "08.Grand_Canyon": 92.0,
      "09.Golden_Gate_Bridge": 96.0,
      "10.Edinburgh_Castle": 88.0,
      "11.Mount_Rushmore_National_Memorial": 80.0,
      "12.Kantanagar_Temple": 96.0,
      "13.Yellowstone_National_Park": 56.00000000000001,
      "14.Terminal_Tower": 96.0,
      "15.Central_Park": 56.00000000000001,
      "16.Eiffel_Tower": 96.0,
      "17.Changdeokgung": 76.0,
      "18.Delicate_Arch": 100.0,
      "19.Vienna_City_Hall": 96.0,
      "20.Matterhorn": 84.0,
      "21.Taj_Mahal": 96.0,
      "22.Moscow_Raceway": 92.0,
      "23.Externsteine": 96.0,
      "24.Soreq_Cave": 100.0,
      "25.Banff_National_Park": 88.0,
      "26.Pont_du_Gard": 96.0,
      "27.Seattle_Japanese_Garden": 88.0,
      "28.Sydney_Harbour_Bridge": 80.0,
      "29.Petronas_Towers": 96.0,
      "30.Brooklyn_Bridge": 96.0,
      "31.Washington_Monument": 84.0,
      "32.Hanging_Temple": 88.0,
      "33.Sydney_Opera_House": 80.0,
      "34.Great_Barrier_Reef": 84.0,
      "35.Monumento_a_la_Revolucion": 80.0,
      "36.Badlands_National_Park": 92.0,
      "37.Atomium": 96.0,
      "38.Forth_Bridge": 92.0,
      "39.Gateway_of_India": 92.0,
      "40.Stockholm_City_Hall": 88.0,
      "41.Machu_Picchu": 88.0,
      "42.Death_Valley_National_Park": 60.0,
      "43.Gullfoss_Falls": 92.0,
      "44.Trevi_Fountain": 100.0,
      "45.Temple_of_Heaven": 88.0,
      "46.Great_Wall_of_China": 84.0,
      "47.Prague_Astronomical_Clock": 100.0,
      "48.Whitby_Abbey": 68.0,
      "49.Temple_of_Olympian_Zeus": 96.0
    }
  }
}