{
  "config": {
    "model": "tl_convnext",
    "augmentation": "flip-crop",
    "optimizer": "adamw",
    "scheduler": "warmup-cosine",
    "epochs": 20,
    "batch_size": 32,
    "learning_rate": 0.001,
    "image_size": 224,
    "freeze_backbone": true,
    "trainable_parameters": 38450,
    "total_parameters": 27858578
  },
  "training": {
    "train_loss": [
      3.6458118910056325,
      2.1940202399200626,
      1.1418084037536897,
      0.7844749734012666,
      0.6158369678959219,
      0.52709416048314,
      0.45399243800898903,
      0.4042329646389092,
      0.35750271995010896,
      0.3311141550905822,
      0.29812165774441846,
      0.2808846728097755,
      0.25996790430196065,
      0.24688407938382698,
      0.24330693545806314,
      0.2328097150203394,
      0.23598510944088236,
      0.22163120443354445,
      0.2261851676210168,
      0.21688125855661095
    ],
    "val_loss": [
      3.263258106718076,
      1.4754069214351027,
      0.9470418471997188,
      0.805290826013155,
      0.7279228113681198,
      0.6846526463295971,
      0.6647018288101787,
      0.6394196328556585,
      0.6264302219663348,
      0.6210348209806373,
      0.6057127730072898,
      0.6044434310597316,
      0.6007277742724553,
      0.5970112359094046,
      0.5949522371444906,
      0.5912166548984868,
      0.5906560872998511,
      0.5901504839373845,
      0.5898890812024573,
      0.5898232813352577
    ],
    "val_accuracy": [
      43.524699599465954,
      73.9652870493992,
      78.90520694259013,
      80.77436582109479,
      81.70894526034714,
      83.17757009345794,
      83.44459279038718,
      83.5781041388518,
      83.5781041388518,
      83.71161548731642,
      84.64619492656875,
      84.37917222963952,
      83.84512683578104,
      83.97863818424567,
      83.97863818424567,
      83.84512683578104,
      83.84512683578104,
      83.84512683578104,
      83.84512683578104,
      83.84512683578104
    ],
    "learning_rates": [
      0.00055,
      0.001,
      0.000992403876506104,
      0.0009698463103929542,
      0.0009330127018922194,
      0.0008830222215594889,
      0.0008213938048432695,
      0.0007499999999999999,
      0.0006710100716628344,
      0.0005868240888334652,
      0.0004999999999999999,
      0.00041317591116653475,
      0.00032898992833716573,
      0.00025000000000000006,
      0.00017860619515673028,
      0.00011697777844051103,
      6.698729810778074e-05,
      3.0153689607045835e-05,
      7.5961234938959885e-06,
      0.0
    ],
    "epoch_times": [
      38.41581106185913,
      38.17859697341919,
      38.75713515281677,
      37.29359579086304,
      37.10646462440491,
      37.67662787437439,
      38.11895203590393,
      37.44744563102722,
      37.91979193687439,
      37.88740873336792,
      37.24557447433472,
      37.63061809539795,
      37.84965109825134,
      36.894322633743286,
      38.24876809120178,
      37.38057613372803,
      38.1388213634491,
      37.226590633392334,
      37.22113871574402,
      37.21226263046265
    ],
    "total_time": 753.8501536846161,
    "best_val_loss": 0.5898232813352577
  },
  "evaluation": {
    "overall_accuracy": 85.84,
    "top_k_accuracy": {
      "top_1": 85.84,
      "top_3": 94.48,
      "top_5": 96.88
    },
    "per_class_accuracy": {
      "00.Haleakala_National_Park": 80.0,
      "01.Mount_Rainier_National_Park": 48.0,
      "02.Ljubljana_Castle": 92.0,
      "03.Dead_Sea": 68.0,
      "04.Wroclaws_Dwarves": 96.0,
      "05.London_Olympic_Stadium": 92.0,
      "06.Niagara_Falls": 64.0,
      "07.Stonehenge": 100.0,
      "08.Grand_Canyon": 84.0,
      "09.Golden_Gate_Bridge": 92.0,
      "10.Edinburgh_Castle": 88.0,
      "11.Mount_Rushmore_National_Memorial": 80.0,
      "12.Kantanagar_Temple": 96.0,
      "13.Yellowstone_National_Park": 56.00000000000001,
      "14.Terminal_Tower": 96.0,
      "15.Central_Park": 60.0,
      "16.Eiffel_Tower": 96.0,
      "17.Changdeokgung": 72.0,
      "18.Delicate_Arch": 100.0,
      "19.Vienna_City_Hall": 88.0,
      "20.Matterhorn": 84.0,
      "21.Taj_Mahal": 96.0,
      "22.Moscow_Raceway": 92.0,
      "23.Externsteine": 100.0,
      "24.Soreq_Cave": 100.0,
      "25.Banff_National_Park": 80.0,
      "26.Pont_du_Gard": 96.0,
      "27.Seattle_Japanese_Garden": 88.0,
      "28.Sydney_Harbour_Bridge": 88.0,
      "29.Petronas_Towers": 96.0,
      "30.Brooklyn_Bridge": 96.0,
      "31.Washington_Monument": 80.0,
      "32.Hanging_Temple": 84.0,
      "33.Sydney_Opera_House": 80.0,
      "34.Great_Barrier_Reef": 84.0,
      "35.Monumento_a_la_Revolucion": 80.0,
      "36.Badlands_National_Park": 88.0,
      "37.Atomium": 96.0,
      "38.Forth_Bridge": 92.0,
      "39.Gateway_of_India": 96.0,
      "40.Stockholm_City_Hall": 80.0,
      "41.Machu_Picchu": 88.0,
      "42.Death_Valley_National_Park": 56.00000000000001,
      "43.Gullfoss_Falls": 92.0,
      "44.Trevi_Fountain": 100.0,
      "45.Temple_of_Heaven": 88.0,
      "46.Great_Wall_of_China": 84.0,
      "47.Prague_Astronomical_Clock": 100.0,
      "48.Whitby_Abbey": 68.0,
      "49.Temple_of_Olympian_Zeus": 92.0
    }
  }
}