{
  "config": {
    "model": "tl_convnext",
    "augmentation": "flip-crop",
    "optimizer": "adamw",
    "scheduler": "cosine",
    "epochs": 20,
    "batch_size": 32,
    "learning_rate": 0.001,
    "image_size": 224,
    "freeze_backbone": true,
    "trainable_parameters": 38450,
    "total_parameters": 27858578
  },
  "training": {
    "train_loss": [
      2.0579778490724467,
      0.9337990684511522,
      0.6909862877566421,
      0.5586490917162303,
      0.4726691819273053,
      0.41199940763026205,
      0.36158304532921004,
      0.31945667284108176,
      0.2955077342392558,
      0.2819387004154835,
      0.25666832550921553,
      0.24813783842450118,
      0.22375278894497644,
      0.2214433369210307,
      0.2180573621623118,
      0.2162957059402367,
      0.20359073803863836,
      0.20504371471017116,
      0.20004345554168124,
      0.20166709154233783
    ],
    "val_loss": [
      1.1549882382671728,
      0.8600565710755311,
      0.7653041035533747,
      0.6979430205672382,
      0.6634186934406194,
      0.6358339781754803,
      0.620524812126669,
      0.6196495162469841,
      0.6084257881536344,
      0.6037837604336809,
      0.5950602636795655,
      0.592202435825791,
      0.5880274226732343,
      0.587295953995077,
      0.5844164588581895,
      0.5843698058491237,
      0.5827459080992776,
      0.5821512000105569,
      0.5818235264601154,
      0.5818796197626397
    ],
    "val_accuracy": [
      76.23497997329773,
      79.4392523364486,
      80.64085447263017,
      82.51001335113484,
      83.44459279038718,
      83.97863818424567,
      84.51268357810414,
      83.97863818424567,
      84.11214953271028,
      83.5781041388518,
      84.2456608811749,
      84.51268357810414,
      84.11214953271028,
      84.37917222963952,
      84.64619492656875,
      84.913217623498,
      84.77970627503338,
      84.51268357810414,
      84.37917222963952,
      84.37917222963952
    ],
    "learning_rates": [
      0.0009938441702975688,
      0.0009755282581475768,
      0.0009455032620941839,
      0.0009045084971874737,
      0.0008535533905932737,
      0.0007938926261462366,
      0.0007269952498697733,
      0.0006545084971874737,
      0.0005782172325201155,
      0.0005,
      0.0004217827674798847,
      0.00034549150281252633,
      0.00027300475013022663,
      0.00020610737385376348,
      0.00014644660940672625,
      9.549150281252631e-05,
      5.4496737905816096e-05,
      2.447174185242323e-05,
      6.15582970243117e-06,
      0.0
    ],
    "epoch_times": [
      48.494556188583374,
      40.96704912185669,
      39.108781576156616,
      37.60447072982788,
      37.78849387168884,
      38.138654470443726,
      37.687137603759766,
      38.80883574485779,
      38.13314151763916,
      36.61186170578003,
      37.10507822036743,
      37.881181955337524,
      37.96965193748474,
      38.03127884864807,
      38.26806688308716,
      38.87387037277222,
      38.633070945739746,
      38.64767575263977,
      37.464905977249146,
      37.27246308326721
    ],
    "total_time": 773.4902265071869,
    "best_val_loss": 0.5818235264601154
  },
  "evaluation": {
    "overall_accuracy": 86.24000000000001,
    "top_k_accuracy": {
      "top_1": 86.24,
      "top_3": 94.56,
      "top_5": 96.56
    },
    "per_class_accuracy": {
      "00.Haleakala_National_Park": 80.0,
      "01.Mount_Rainier_National_Park": 56.00000000000001,
      "02.Ljubljana_Castle": 92.0,
      "03.Dead_Sea": 64.0,
      "04.Wroclaws_Dwarves": 100.0,
      "05.London_Olympic_Stadium": 92.0,
      "06.Niagara_Falls": 68.0,
      "07.Stonehenge": 100.0,
      "08.Grand_Canyon": 84.0,
      "09.Golden_Gate_Bridge": 96.0,
      "10.Edinburgh_Castle": 84.0,
      "11.Mount_Rushmore_National_Memorial": 76.0,
      "12.Kantanagar_Temple": 96.0,
      "13.Yellowstone_National_Park": 52.0,
      "14.Terminal_Tower": 96.0,
      "15.Central_Park": 60.0,
      "16.Eiffel_Tower": 96.0,
      "17.Changdeokgung": 72.0,
      "18.Delicate_Arch": 100.0,
      "19.Vienna_City_Hall": 88.0,
      "20.Matterhorn": 84.0,
      "21.Taj_Mahal": 96.0,
      "22.Moscow_Raceway": 92.0,
      "23.Externsteine": 96.0,
      "24.Soreq_Cave": 96.0,
      "25.Banff_National_Park": 84.0,
      "26.Pont_du_Gard": 96.0,
      "27.Seattle_Japanese_Garden": 88.0,
      "28.Sydney_Harbour_Bridge": 88.0,
      "29.Petronas_Towers": 96.0,
      "30.Brooklyn_Bridge": 96.0,
      "31.Washington_Monument": 80.0,
      "32.Hanging_Temple": 88.0,
      "33.Sydney_Opera_House": 80.0,
      "34.Great_Barrier_Reef": 84.0,
      "35.Monumento_a_la_Revolucion": 80.0,
      "36.Badlands_National_Park": 88.0,
      "37.Atomium": 96.0,
      "38.Forth_Bridge": 92.0,
      "39.Gateway_of_India": 96.0,
      "40.Stockholm_City_Hall": 88.0,
      "41.Machu_Picchu": 88.0,
      "42.Death_Valley_National_Park": 56.00000000000001,
      "43.Gullfoss_Falls": 92.0,
      "44.Trevi_Fountain": 100.0,
      "45.Temple_of_Heaven": 88.0,
      "46.Great_Wall_of_China": 88.0,
      "47.Prague_Astronomical_Clock": 100.0,
      "48.Whitby_Abbey": 68.0,
      "49.Temple_of_Olympian_Zeus": 96.0
    }
  }
}