{
  "config": {
    "model": "tl_efficientnet",
    "augmentation": "randaug",
    "optimizer": "adamw",
    "scheduler": "cosine",
    "epochs": 20,
    "batch_size": 32,
    "learning_rate": 0.001,
    "image_size": 224,
    "freeze_backbone": true,
    "trainable_parameters": 64050,
    "total_parameters": 4071598
  },
  "training": {
    "train_loss": [
      2.8683294992826394,
      1.7869030872119969,
      1.4435521490522798,
      1.2618577025878113,
      1.1423334258147793,
      1.0876452919172068,
      1.0136224078043001,
      0.968394602484666,
      0.9301182866826292,
      0.8997464313741738,
      0.8906524855865432,
      0.850060047529601,
      0.841310055867234,
      0.8150193396949589,
      0.7987064114732969,
      0.774166250105378,
      0.791252685359486,
      0.7852997640342972,
      0.7781299924552932,
      0.798976637403741
    ],
    "val_loss": [
      1.9510157000079493,
      1.4423084962511254,
      1.2781576168075581,
      1.1991166520978167,
      1.1181791197951232,
      1.0734707019994352,
      1.0416410297195169,
      1.0289720473525044,
      1.0123186206944954,
      0.9949015418741509,
      0.9883775863851183,
      0.9813589250770843,
      0.9860076796069482,
      0.9769079487855349,
      0.9748520462789905,
      0.9794483834178808,
      0.9690509962940089,
      0.972679274104466,
      0.9678154255901382,
      0.9686622333144632
    ],
    "val_accuracy": [
      63.81842456608812,
      69.29238985313752,
      70.4939919893191,
      70.62750333778371,
      72.36315086782376,
      72.22963951935914,
      72.63017356475301,
      73.69826435246996,
      73.16421895861149,
      73.16421895861149,
      73.43124165554072,
      73.56475300400534,
      74.09879839786382,
      73.69826435246996,
      73.9652870493992,
      73.03070761014686,
      74.6328437917223,
      73.56475300400534,
      73.9652870493992,
      74.09879839786382
    ],
    "learning_rates": [
      0.0009938441702975688,
      0.0009755282581475768,
      0.0009455032620941839,
      0.0009045084971874737,
      0.0008535533905932737,
      0.0007938926261462366,
      0.0007269952498697733,
      0.0006545084971874737,
      0.0005782172325201155,
      0.0005,
      0.0004217827674798847,
      0.00034549150281252633,
      0.00027300475013022663,
      0.00020610737385376348,
      0.00014644660940672625,
      9.549150281252631e-05,
      5.4496737905816096e-05,
      2.447174185242323e-05,
      6.15582970243117e-06,
      0.0
    ],
    "epoch_times": [
      42.55984163284302,
      42.58206558227539,
      41.24749159812927,
      42.418222427368164,
      42.594897985458374,
      41.66119861602783,
      43.03118181228638,
      42.393365144729614,
      42.31078505516052,
      42.41916537284851,
      42.79420566558838,
      42.15812849998474,
      42.10632252693176,
      42.065173864364624,
      42.876442670822144,
      41.870956897735596,
      42.22539758682251,
      42.11217761039734,
      42.487605810165405,
      42.125943183898926
    ],
    "total_time": 846.0405695438385,
    "best_val_loss": 0.9678154255901382
  },
  "evaluation": {
    "overall_accuracy": 78.16,
    "top_k_accuracy": {
      "top_1": 78.16,
      "top_3": 89.68,
      "top_5": 92.56
    },
    "per_class_accuracy": {
      "00.Haleakala_National_Park": 56.00000000000001,
      "01.Mount_Rainier_National_Park": 40.0,
      "02.Ljubljana_Castle": 80.0,
      "03.Dead_Sea": 56.00000000000001,
      "04.Wroclaws_Dwarves": 92.0,
      "05.London_Olympic_Stadium": 92.0,
      "06.Niagara_Falls": 64.0,
      "07.Stonehenge": 100.0,
      "08.Grand_Canyon": 76.0,
      "09.Golden_Gate_Bridge": 88.0,
      "10.Edinburgh_Castle": 52.0,
      "11.Mount_Rushmore_National_Memorial": 72.0,
      "12.Kantanagar_Temple": 96.0,
      "13.Yellowstone_National_Park": 52.0,
      "14.Terminal_Tower": 76.0,
      "15.Central_Park": 48.0,
      "16.Eiffel_Tower": 76.0,
      "17.Changdeokgung": 64.0,
      "18.Delicate_Arch": 100.0,
      "19.Vienna_City_Hall": 92.0,
      "20.Matterhorn": 60.0,
      "21.Taj_Mahal": 84.0,
      "22.Moscow_Raceway": 84.0,
      "23.Externsteine": 100.0,
      "24.Soreq_Cave": 96.0,
      "25.Banff_National_Park": 64.0,
      "26.Pont_du_Gard": 92.0,
      "27.Seattle_Japanese_Garden": 64.0,
      "28.Sydney_Harbour_Bridge": 72.0,
      "29.Petronas_Towers": 92.0,
      "30.Brooklyn_Bridge": 96.0,
      "31.Washington_Monument": 80.0,
      "32.Hanging_Temple": 80.0,
      "33.Sydney_Opera_House": 80.0,
      "34.Great_Barrier_Reef": 80.0,
      "35.Monumento_a_la_Revolucion": 72.0,
      "36.Badlands_National_Park": 80.0,
      "37.Atomium": 92.0,
      "38.Forth_Bridge": 88.0,
      "39.Gateway_of_India": 96.0,
      "40.Stockholm_City_Hall": 72.0,
      "41.Machu_Picchu": 64.0,
      "42.Death_Valley_National_Park": 64.0,
      "43.Gullfoss_Falls": 92.0,
      "44.Trevi_Fountain": 100.0,
      "45.Temple_of_Heaven": 80.0,
      "46.Great_Wall_of_China": 72.0,
      "47.Prague_Astronomical_Clock": 92.0,
      "48.Whitby_Abbey": 64.0,
      "49.Temple_of_Olympian_Zeus": 84.0
    }
  }
}