{
  "config": {
    "model": "tl_efficientnet",
    "augmentation": "randaug",
    "optimizer": "adamw",
    "scheduler": "warmup-cosine",
    "epochs": 20,
    "batch_size": 32,
    "learning_rate": 0.001,
    "image_size": 224,
    "freeze_backbone": true,
    "trainable_parameters": 64050,
    "total_parameters": 4071598
  },
  "training": {
    "train_loss": [
      3.787756518978553,
      3.0042070295492396,
      2.0270216965748333,
      1.534954109808291,
      1.3340224187065917,
      1.2040662043005375,
      1.1213899821513171,
      1.033572088880541,
      0.9984992014988467,
      0.9533497161070319,
      0.9254645740309406,
      0.8801822153321148,
      0.8577338477878647,
      0.8469821545048717,
      0.8334278669502136,
      0.8129536352748166,
      0.8103894161874894,
      0.7999115653927252,
      0.7975374014483695,
      0.806913584154972
    ],
    "val_loss": [
      3.605771643456534,
      2.4024527610860296,
      1.603032980487248,
      1.3510864799586093,
      1.236515557972866,
      1.1589405261308392,
      1.1059748997516403,
      1.079871811281059,
      1.040002067353283,
      1.0288574084420707,
      1.024566048137018,
      1.0073492173677452,
      0.9976765837306493,
      0.9972364881805807,
      0.9840130091350132,
      0.9798168820914662,
      0.9818419240345465,
      0.9787414656462116,
      0.9807770385920445,
      0.9769699458923136
    ],
    "val_accuracy": [
      27.236315086782376,
      61.148197596795725,
      66.48865153538051,
      68.35781041388518,
      69.69292389853138,
      71.42857142857143,
      70.76101468624833,
      72.36315086782376,
      73.69826435246996,
      72.63017356475301,
      72.76368491321762,
      73.69826435246996,
      72.76368491321762,
      72.76368491321762,
      73.29773030707611,
      73.83177570093459,
      73.43124165554072,
      73.43124165554072,
      73.56475300400534,
      73.83177570093459
    ],
    "learning_rates": [
      0.00055,
      0.001,
      0.000992403876506104,
      0.0009698463103929542,
      0.0009330127018922194,
      0.0008830222215594889,
      0.0008213938048432695,
      0.0007499999999999999,
      0.0006710100716628344,
      0.0005868240888334652,
      0.0004999999999999999,
      0.00041317591116653475,
      0.00032898992833716573,
      0.00025000000000000006,
      0.00017860619515673028,
      0.00011697777844051103,
      6.698729810778074e-05,
      3.0153689607045835e-05,
      7.5961234938959885e-06,
      0.0
    ],
    "epoch_times": [
      42.543638467788696,
      42.317748069763184,
      41.84281802177429,
      42.43602705001831,
      42.45419931411743,
      42.04609298706055,
      42.45067071914673,
      42.11893081665039,
      42.21415090560913,
      42.10836672782898,
      41.75873017311096,
      43.04395365715027,
      42.6796338558197,
      42.23907828330994,
      41.89266800880432,
      42.51130652427673,
      42.14037895202637,
      42.4430947303772,
      42.60203433036804,
      42.48404598236084
    ],
    "total_time": 846.3275675773621,
    "best_val_loss": 0.9769699458923136
  },
  "evaluation": {
    "overall_accuracy": 79.28,
    "top_k_accuracy": {
      "top_1": 79.28,
      "top_3": 89.12,
      "top_5": 92.72
    },
    "per_class_accuracy": {
      "00.Haleakala_National_Park": 76.0,
      "01.Mount_Rainier_National_Park": 36.0,
      "02.Ljubljana_Castle": 80.0,
      "03.Dead_Sea": 60.0,
      "04.Wroclaws_Dwarves": 92.0,
      "05.London_Olympic_Stadium": 84.0,
      "06.Niagara_Falls": 60.0,
      "07.Stonehenge": 100.0,
      "08.Grand_Canyon": 80.0,
      "09.Golden_Gate_Bridge": 88.0,
      "10.Edinburgh_Castle": 48.0,
      "11.Mount_Rushmore_National_Memorial": 76.0,
      "12.Kantanagar_Temple": 96.0,
      "13.Yellowstone_National_Park": 60.0,
      "14.Terminal_Tower": 76.0,
      "15.Central_Park": 56.00000000000001,
      "16.Eiffel_Tower": 72.0,
      "17.Changdeokgung": 72.0,
      "18.Delicate_Arch": 100.0,
      "19.Vienna_City_Hall": 88.0,
      "20.Matterhorn": 60.0,
      "21.Taj_Mahal": 80.0,
      "22.Moscow_Raceway": 84.0,
      "23.Externsteine": 96.0,
      "24.Soreq_Cave": 100.0,
      "25.Banff_National_Park": 68.0,
      "26.Pont_du_Gard": 92.0,
      "27.Seattle_Japanese_Garden": 64.0,
      "28.Sydney_Harbour_Bridge": 76.0,
      "29.Petronas_Towers": 100.0,
      "30.Brooklyn_Bridge": 96.0,
      "31.Washington_Monument": 80.0,
      "32.Hanging_Temple": 84.0,
      "33.Sydney_Opera_House": 84.0,
      "34.Great_Barrier_Reef": 80.0,
      "35.Monumento_a_la_Revolucion": 80.0,
      "36.Badlands_National_Park": 84.0,
      "37.Atomium": 88.0,
      "38.Forth_Bridge": 88.0,
      "39.Gateway_of_India": 96.0,
      "40.Stockholm_City_Hall": 76.0,
      "41.Machu_Picchu": 68.0,
      "42.Death_Valley_National_Park": 56.00000000000001,
      "43.Gullfoss_Falls": 88.0,
      "44.Trevi_Fountain": 100.0,
      "45.Temple_of_Heaven": 80.0,
      "46.Great_Wall_of_China": 76.0,
      "47.Prague_Astronomical_Clock": 92.0,
      "48.Whitby_Abbey": 64.0,
      "49.Temple_of_Olympian_Zeus": 84.0
    }
  }
}