{
  "config": {
    "model": "tl_efficientnet",
    "augmentation": "flip-crop",
    "optimizer": "adamw",
    "scheduler": "cosine",
    "epochs": 20,
    "batch_size": 32,
    "learning_rate": 0.001,
    "image_size": 224,
    "freeze_backbone": true,
    "trainable_parameters": 64050,
    "total_parameters": 4071598
  },
  "training": {
    "train_loss": [
      2.7642248943325263,
      1.6397503468185868,
      1.3143611673133244,
      1.132575522991582,
      1.0188471003086224,
      0.9432038969507435,
      0.8769010111447472,
      0.8269894568252654,
      0.7950402588487261,
      0.7462314371223979,
      0.7341419483370744,
      0.7159135844361116,
      0.6806639978850284,
      0.6784304541112227,
      0.6578381797243966,
      0.6591065387768495,
      0.6223600589726598,
      0.6392926840409409,
      0.6428909225971355,
      0.6344115038549083
    ],
    "val_loss": [
      1.8972772759334426,
      1.4469186062806438,
      1.2847305104952151,
      1.2151976820623605,
      1.1565894838646353,
      1.1123386979580563,
      1.0673366563819915,
      1.0502519365623892,
      1.051260264597843,
      1.027524111904353,
      1.0176998766783243,
      0.9935754260647599,
      0.9948958386088882,
      0.9874337868633194,
      1.011221993112755,
      0.998018618896902,
      0.9948577183747642,
      0.9745035083971928,
      0.959499353242016,
      0.9889478043656801
    ],
    "val_accuracy": [
      62.483311081441926,
      67.1562082777036,
      69.69292389853138,
      70.22696929238985,
      70.36048064085448,
      71.42857142857143,
      72.63017356475301,
      72.09612817089453,
      71.82910547396529,
      73.03070761014686,
      72.89719626168224,
      73.03070761014686,
      73.43124165554072,
      73.69826435246996,
      73.29773030707611,
      73.43124165554072,
      73.56475300400534,
      74.09879839786382,
      74.76635514018692,
      73.43124165554072
    ],
    "learning_rates": [
      0.0009938441702975688,
      0.0009755282581475768,
      0.0009455032620941839,
      0.0009045084971874737,
      0.0008535533905932737,
      0.0007938926261462366,
      0.0007269952498697733,
      0.0006545084971874737,
      0.0005782172325201155,
      0.0005,
      0.0004217827674798847,
      0.00034549150281252633,
      0.00027300475013022663,
      0.00020610737385376348,
      0.00014644660940672625,
      9.549150281252631e-05,
      5.4496737905816096e-05,
      2.447174185242323e-05,
      6.15582970243117e-06,
      0.0
    ],
    "epoch_times": [
      37.7651686668396,
      38.31442880630493,
      36.75553250312805,
      37.694230794906616,
      38.30046486854553,
      37.9806752204895,
      38.180583000183105,
      37.78037405014038,
      38.480854511260986,
      38.22911882400513,
      37.10975193977356,
      38.46134305000305,
      37.678064823150635,
      39.0477659702301,
      37.85972785949707,
      37.679075956344604,
      38.49370002746582,
      38.13990807533264,
      37.61471104621887,
      38.03231406211853
    ],
    "total_time": 759.5977940559387,
    "best_val_loss": 0.959499353242016
  },
  "evaluation": {
    "overall_accuracy": 77.60000000000001,
    "top_k_accuracy": {
      "top_1": 77.6,
      "top_3": 89.44,
      "top_5": 92.24
    },
    "per_class_accuracy": {
      "00.Haleakala_National_Park": 60.0,
      "01.Mount_Rainier_National_Park": 36.0,
      "02.Ljubljana_Castle": 84.0,
      "03.Dead_Sea": 48.0,
      "04.Wroclaws_Dwarves": 88.0,
      "05.London_Olympic_Stadium": 88.0,
      "06.Niagara_Falls": 64.0,
      "07.Stonehenge": 100.0,
      "08.Grand_Canyon": 76.0,
      "09.Golden_Gate_Bridge": 92.0,
      "10.Edinburgh_Castle": 56.00000000000001,
      "11.Mount_Rushmore_National_Memorial": 76.0,
      "12.Kantanagar_Temple": 92.0,
      "13.Yellowstone_National_Park": 52.0,
      "14.Terminal_Tower": 72.0,
      "15.Central_Park": 48.0,
      "16.Eiffel_Tower": 80.0,
      "17.Changdeokgung": 60.0,
      "18.Delicate_Arch": 100.0,
      "19.Vienna_City_Hall": 88.0,
      "20.Matterhorn": 56.00000000000001,
      "21.Taj_Mahal": 84.0,
      "22.Moscow_Raceway": 84.0,
      "23.Externsteine": 100.0,
      "24.Soreq_Cave": 92.0,
      "25.Banff_National_Park": 76.0,
      "26.Pont_du_Gard": 88.0,
      "27.Seattle_Japanese_Garden": 64.0,
      "28.Sydney_Harbour_Bridge": 76.0,
      "29.Petronas_Towers": 84.0,
      "30.Brooklyn_Bridge": 92.0,
      "31.Washington_Monument": 80.0,
      "32.Hanging_Temple": 80.0,
      "33.Sydney_Opera_House": 76.0,
      "34.Great_Barrier_Reef": 80.0,
      "35.Monumento_a_la_Revolucion": 76.0,
      "36.Badlands_National_Park": 84.0,
      "37.Atomium": 84.0,
      "38.Forth_Bridge": 80.0,
      "39.Gateway_of_India": 92.0,
      "40.Stockholm_City_Hall": 72.0,
      "41.Machu_Picchu": 64.0,
      "42.Death_Valley_National_Park": 52.0,
      "43.Gullfoss_Falls": 96.0,
      "44.Trevi_Fountain": 96.0,
      "45.Temple_of_Heaven": 84.0,
      "46.Great_Wall_of_China": 80.0,
      "47.Prague_Astronomical_Clock": 96.0,
      "48.Whitby_Abbey": 64.0,
      "49.Temple_of_Olympian_Zeus": 88.0
    }
  }
}