{
  "config": {
    "model": "tl_efficientnet",
    "augmentation": "mixup",
    "optimizer": "adamw",
    "scheduler": "cosine",
    "epochs": 20,
    "batch_size": 32,
    "learning_rate": 0.001,
    "image_size": 224,
    "freeze_backbone": true,
    "trainable_parameters": 64050,
    "total_parameters": 4071598
  },
  "training": {
    "train_loss": [
      3.048633411291602,
      2.0971528205530263,
      1.7687134572919014,
      1.6882470859929986,
      1.6543490607401106,
      1.5400775600692258,
      1.5629905098770713,
      1.4732458287613628,
      1.5767227048898602,
      1.3939315973800128,
      1.2948837944808387,
      1.3442277270736542,
      1.4004078109544502,
      1.3497281507910182,
      1.4390674353431807,
      1.37435126408482,
      1.421851178014983,
      1.331324849096163,
      1.3861983385483518,
      1.3136577609709803
    ],
    "val_loss": [
      2.086853984519541,
      1.6553463668466728,
      1.373404031124548,
      1.2974549797730388,
      1.2523084864597296,
      1.2036883289887208,
      1.177510319469131,
      1.1583610343360138,
      1.146385056154432,
      1.1229517297528295,
      1.1215046987991943,
      1.091411697052827,
      1.1122292974125718,
      1.093190633247946,
      1.092213570196256,
      1.0629138279661476,
      1.114525588236759,
      1.092774594418993,
      1.0840358605212936,
      1.0693319825845982
    ],
    "val_accuracy": [
      60.48064085447263,
      65.42056074766356,
      68.89185580774365,
      69.1588785046729,
      70.22696929238985,
      69.95994659546061,
      70.62750333778371,
      71.02803738317758,
      72.09612817089453,
      72.22963951935914,
      71.82910547396529,
      72.49666221628839,
      72.49666221628839,
      72.09612817089453,
      72.76368491321762,
      72.63017356475301,
      72.49666221628839,
      72.63017356475301,
      73.16421895861149,
      73.16421895861149
    ],
    "learning_rates": [
      0.0009938441702975688,
      0.0009755282581475768,
      0.0009455032620941839,
      0.0009045084971874737,
      0.0008535533905932737,
      0.0007938926261462366,
      0.0007269952498697733,
      0.0006545084971874737,
      0.0005782172325201155,
      0.0005,
      0.0004217827674798847,
      0.00034549150281252633,
      0.00027300475013022663,
      0.00020610737385376348,
      0.00014644660940672625,
      9.549150281252631e-05,
      5.4496737905816096e-05,
      2.447174185242323e-05,
      6.15582970243117e-06,
      0.0
    ],
    "epoch_times": [
      38.62769937515259,
      37.406333208084106,
      38.26350116729736,
      37.51545715332031,
      38.123987913131714,
      38.39662051200867,
      37.98325824737549,
      37.826093912124634,
      37.797361612319946,
      37.7985565662384,
      37.99088668823242,
      37.8006055355072,
      38.41152858734131,
      38.19142508506775,
      37.624696493148804,
      38.310282468795776,
      38.323216676712036,
      38.19189929962158,
      38.42244338989258,
      38.035059452056885
    ],
    "total_time": 761.0409133434296,
    "best_val_loss": 1.0629138279661476
  },
  "evaluation": {
    "overall_accuracy": 76.55999999999999,
    "top_k_accuracy": {
      "top_1": 76.56,
      "top_3": 88.72,
      "top_5": 91.76
    },
    "per_class_accuracy": {
      "00.Haleakala_National_Park": 64.0,
      "01.Mount_Rainier_National_Park": 36.0,
      "02.Ljubljana_Castle": 84.0,
      "03.Dead_Sea": 48.0,
      "04.Wroclaws_Dwarves": 96.0,
      "05.London_Olympic_Stadium": 88.0,
      "06.Niagara_Falls": 52.0,
      "07.Stonehenge": 100.0,
      "08.Grand_Canyon": 72.0,
      "09.Golden_Gate_Bridge": 92.0,
      "10.Edinburgh_Castle": 60.0,
      "11.Mount_Rushmore_National_Memorial": 76.0,
      "12.Kantanagar_Temple": 96.0,
      "13.Yellowstone_National_Park": 48.0,
      "14.Terminal_Tower": 76.0,
      "15.Central_Park": 44.0,
      "16.Eiffel_Tower": 68.0,
      "17.Changdeokgung": 64.0,
      "18.Delicate_Arch": 96.0,
      "19.Vienna_City_Hall": 84.0,
      "20.Matterhorn": 56.00000000000001,
      "21.Taj_Mahal": 76.0,
      "22.Moscow_Raceway": 84.0,
      "23.Externsteine": 96.0,
      "24.Soreq_Cave": 96.0,
      "25.Banff_National_Park": 68.0,
      "26.Pont_du_Gard": 88.0,
      "27.Seattle_Japanese_Garden": 68.0,
      "28.Sydney_Harbour_Bridge": 72.0,
      "29.Petronas_Towers": 88.0,
      "30.Brooklyn_Bridge": 92.0,
      "31.Washington_Monument": 84.0,
      "32.Hanging_Temple": 80.0,
      "33.Sydney_Opera_House": 80.0,
      "34.Great_Barrier_Reef": 80.0,
      "35.Monumento_a_la_Revolucion": 84.0,
      "36.Badlands_National_Park": 76.0,
      "37.Atomium": 84.0,
      "38.Forth_Bridge": 80.0,
      "39.Gateway_of_India": 88.0,
      "40.Stockholm_City_Hall": 64.0,
      "41.Machu_Picchu": 60.0,
      "42.Death_Valley_National_Park": 56.00000000000001,
      "43.Gullfoss_Falls": 88.0,
      "44.Trevi_Fountain": 92.0,
      "45.Temple_of_Heaven": 76.0,
      "46.Great_Wall_of_China": 76.0,
      "47.Prague_Astronomical_Clock": 100.0,
      "48.Whitby_Abbey": 64.0,
      "49.Temple_of_Olympian_Zeus": 88.0
    }
  }
}