{
  "config": {
    "model": "tl_efficientnet",
    "augmentation": "flip-crop",
    "optimizer": "adamw",
    "scheduler": "warmup-cosine",
    "epochs": 20,
    "batch_size": 32,
    "learning_rate": 0.001,
    "image_size": 224,
    "freeze_backbone": true,
    "trainable_parameters": 64050,
    "total_parameters": 4071598
  },
  "training": {
    "train_loss": [
      3.771858295777952,
      2.930482588797871,
      1.9012284276624105,
      1.402334076925421,
      1.2021091697017867,
      1.0904518044328926,
      0.9744178974855808,
      0.9103665257555641,
      0.8610852044036256,
      0.8216707255943034,
      0.7890679017779461,
      0.7592835123184739,
      0.7229109533764431,
      0.7109879960670229,
      0.6979685179733068,
      0.6789339305177307,
      0.6752952198042487,
      0.6726274106371731,
      0.6510501097013228,
      0.6720307640448889
    ],
    "val_loss": [
      3.5901355074944896,
      2.3408154368559733,
      1.563387898482054,
      1.352233543574253,
      1.2513064882943086,
      1.1728922448584806,
      1.1260898969520396,
      1.0828968023903698,
      1.06491990019387,
      1.059192923901078,
      1.0454301929601204,
      1.0340282482521557,
      1.0221222110679535,
      1.0297200116359981,
      1.009633119975295,
      1.0259588870887604,
      1.010671338029156,
      1.0017431278890856,
      1.0066728235405182,
      0.993448868931056
    ],
    "val_accuracy": [
      26.16822429906542,
      61.94926568758344,
      68.62483311081442,
      69.1588785046729,
      69.69292389853138,
      70.62750333778371,
      71.16154873164218,
      72.22963951935914,
      71.42857142857143,
      71.16154873164218,
      71.69559412550066,
      72.36315086782376,
      72.36315086782376,
      71.82910547396529,
      72.36315086782376,
      71.96261682242991,
      72.76368491321762,
      72.76368491321762,
      72.63017356475301,
      72.36315086782376
    ],
    "learning_rates": [
      0.00055,
      0.001,
      0.000992403876506104,
      0.0009698463103929542,
      0.0009330127018922194,
      0.0008830222215594889,
      0.0008213938048432695,
      0.0007499999999999999,
      0.0006710100716628344,
      0.0005868240888334652,
      0.0004999999999999999,
      0.00041317591116653475,
      0.00032898992833716573,
      0.00025000000000000006,
      0.00017860619515673028,
      0.00011697777844051103,
      6.698729810778074e-05,
      3.0153689607045835e-05,
      7.5961234938959885e-06,
      0.0
    ],
    "epoch_times": [
      38.33236885070801,
      38.02629113197327,
      38.87593650817871,
      37.85671138763428,
      38.098384141922,
      37.437251567840576,
      37.80056405067444,
      38.37609028816223,
      38.006882667541504,
      37.707115173339844,
      37.11779999732971,
      38.49868083000183,
      38.581339597702026,
      38.43857955932617,
      39.27665114402771,
      38.17621684074402,
      37.33434438705444,
      37.81121563911438,
      37.98851537704468,
      37.568788290023804
    ],
    "total_time": 761.3097274303436,
    "best_val_loss": 0.993448868931056
  },
  "evaluation": {
    "overall_accuracy": 76.48,
    "top_k_accuracy": {
      "top_1": 76.48,
      "top_3": 88.08,
      "top_5": 91.84
    },
    "per_class_accuracy": {
      "00.Haleakala_National_Park": 56.00000000000001,
      "01.Mount_Rainier_National_Park": 32.0,
      "02.Ljubljana_Castle": 84.0,
      "03.Dead_Sea": 48.0,
      "04.Wroclaws_Dwarves": 88.0,
      "05.London_Olympic_Stadium": 80.0,
      "06.Niagara_Falls": 56.00000000000001,
      "07.Stonehenge": 100.0,
      "08.Grand_Canyon": 76.0,
      "09.Golden_Gate_Bridge": 92.0,
      "10.Edinburgh_Castle": 52.0,
      "11.Mount_Rushmore_National_Memorial": 76.0,
      "12.Kantanagar_Temple": 92.0,
      "13.Yellowstone_National_Park": 40.0,
      "14.Terminal_Tower": 76.0,
      "15.Central_Park": 44.0,
      "16.Eiffel_Tower": 72.0,
      "17.Changdeokgung": 60.0,
      "18.Delicate_Arch": 100.0,
      "19.Vienna_City_Hall": 88.0,
      "20.Matterhorn": 52.0,
      "21.Taj_Mahal": 84.0,
      "22.Moscow_Raceway": 84.0,
      "23.Externsteine": 96.0,
      "24.Soreq_Cave": 92.0,
      "25.Banff_National_Park": 68.0,
      "26.Pont_du_Gard": 92.0,
      "27.Seattle_Japanese_Garden": 64.0,
      "28.Sydney_Harbour_Bridge": 72.0,
      "29.Petronas_Towers": 88.0,
      "30.Brooklyn_Bridge": 88.0,
      "31.Washington_Monument": 80.0,
      "32.Hanging_Temple": 80.0,
      "33.Sydney_Opera_House": 72.0,
      "34.Great_Barrier_Reef": 76.0,
      "35.Monumento_a_la_Revolucion": 76.0,
      "36.Badlands_National_Park": 88.0,
      "37.Atomium": 88.0,
      "38.Forth_Bridge": 80.0,
      "39.Gateway_of_India": 96.0,
      "40.Stockholm_City_Hall": 72.0,
      "41.Machu_Picchu": 64.0,
      "42.Death_Valley_National_Park": 56.00000000000001,
      "43.Gullfoss_Falls": 92.0,
      "44.Trevi_Fountain": 96.0,
      "45.Temple_of_Heaven": 88.0,
      "46.Great_Wall_of_China": 76.0,
      "47.Prague_Astronomical_Clock": 96.0,
      "48.Whitby_Abbey": 68.0,
      "49.Temple_of_Olympian_Zeus": 88.0
    }
  }
}