{
  "config": {
    "model": "tl_efficientnet",
    "augmentation": "mixup",
    "optimizer": "adamw",
    "scheduler": "warmup-cosine",
    "epochs": 20,
    "batch_size": 32,
    "learning_rate": 0.001,
    "image_size": 224,
    "freeze_backbone": true,
    "trainable_parameters": 64050,
    "total_parameters": 4071598
  },
  "training": {
    "train_loss": [
      3.8168425375303157,
      3.1301522810711195,
      2.273657417533143,
      1.9518249567632313,
      1.767354670260299,
      1.732685706967434,
      1.552614810721072,
      1.551665360433005,
      1.4555282493408972,
      1.5027763625720487,
      1.4231589937704099,
      1.3335338495101596,
      1.27062688488272,
      1.3548402903583545,
      1.3470325651717854,
      1.3595985696263557,
      1.3807663775371726,
      1.2874819888264706,
      1.2767596014084355,
      1.4372402555049377
    ],
    "val_loss": [
      3.642849930774704,
      2.4659661460463926,
      1.6829921031030062,
      1.4741962430314801,
      1.3959039670921296,
      1.2952892602047072,
      1.2322098218869462,
      1.2368055545440184,
      1.152418396819895,
      1.1846216854966372,
      1.1491854688990737,
      1.1351485282620377,
      1.1140387351108647,
      1.1039572667693582,
      1.1092474061115403,
      1.0986157017492644,
      1.0792133125348466,
      1.1081401015792256,
      1.0952339933138187,
      1.1400907816333032
    ],
    "val_accuracy": [
      22.563417890520693,
      58.2109479305741,
      65.15353805073431,
      66.48865153538051,
      67.28971962616822,
      69.1588785046729,
      69.69292389853138,
      70.22696929238985,
      70.76101468624833,
      71.16154873164218,
      71.69559412550066,
      71.16154873164218,
      71.16154873164218,
      71.56208277703605,
      72.36315086782376,
      72.22963951935914,
      71.56208277703605,
      72.49666221628839,
      72.22963951935914,
      71.16154873164218
    ],
    "learning_rates": [
      0.00055,
      0.001,
      0.000992403876506104,
      0.0009698463103929542,
      0.0009330127018922194,
      0.0008830222215594889,
      0.0008213938048432695,
      0.0007499999999999999,
      0.0006710100716628344,
      0.0005868240888334652,
      0.0004999999999999999,
      0.00041317591116653475,
      0.00032898992833716573,
      0.00025000000000000006,
      0.00017860619515673028,
      0.00011697777844051103,
      6.698729810778074e-05,
      3.0153689607045835e-05,
      7.5961234938959885e-06,
      0.0
    ],
    "epoch_times": [
      37.261552572250366,
      37.83189082145691,
      37.1510214805603,
      38.91974234580994,
      37.91438913345337,
      37.68394064903259,
      38.33253288269043,
      37.439253091812134,
      37.8093159198761,
      38.03924298286438,
      37.75467324256897,
      38.25335884094238,
      38.0098831653595,
      37.894452810287476,
      37.724082469940186,
      38.86488890647888,
      38.08229184150696,
      38.32911992073059,
      38.28601431846619,
      38.50114417076111
    ],
    "total_time": 760.0827915668488,
    "best_val_loss": 1.0792133125348466
  },
  "evaluation": {
    "overall_accuracy": 76.48,
    "top_k_accuracy": {
      "top_1": 76.48,
      "top_3": 87.84,
      "top_5": 91.84
    },
    "per_class_accuracy": {
      "00.Haleakala_National_Park": 60.0,
      "01.Mount_Rainier_National_Park": 40.0,
      "02.Ljubljana_Castle": 84.0,
      "03.Dead_Sea": 52.0,
      "04.Wroclaws_Dwarves": 88.0,
      "05.London_Olympic_Stadium": 84.0,
      "06.Niagara_Falls": 52.0,
      "07.Stonehenge": 100.0,
      "08.Grand_Canyon": 76.0,
      "09.Golden_Gate_Bridge": 92.0,
      "10.Edinburgh_Castle": 60.0,
      "11.Mount_Rushmore_National_Memorial": 76.0,
      "12.Kantanagar_Temple": 96.0,
      "13.Yellowstone_National_Park": 52.0,
      "14.Terminal_Tower": 72.0,
      "15.Central_Park": 44.0,
      "16.Eiffel_Tower": 72.0,
      "17.Changdeokgung": 56.00000000000001,
      "18.Delicate_Arch": 96.0,
      "19.Vienna_City_Hall": 88.0,
      "20.Matterhorn": 56.00000000000001,
      "21.Taj_Mahal": 80.0,
      "22.Moscow_Raceway": 84.0,
      "23.Externsteine": 96.0,
      "24.Soreq_Cave": 100.0,
      "25.Banff_National_Park": 64.0,
      "26.Pont_du_Gard": 88.0,
      "27.Seattle_Japanese_Garden": 68.0,
      "28.Sydney_Harbour_Bridge": 68.0,
      "29.Petronas_Towers": 84.0,
      "30.Brooklyn_Bridge": 92.0,
      "31.Washington_Monument": 84.0,
      "32.Hanging_Temple": 76.0,
      "33.Sydney_Opera_House": 80.0,
      "34.Great_Barrier_Reef": 80.0,
      "35.Monumento_a_la_Revolucion": 72.0,
      "36.Badlands_National_Park": 80.0,
      "37.Atomium": 84.0,
      "38.Forth_Bridge": 80.0,
      "39.Gateway_of_India": 88.0,
      "40.Stockholm_City_Hall": 72.0,
      "41.Machu_Picchu": 60.0,
      "42.Death_Valley_National_Park": 52.0,
      "43.Gullfoss_Falls": 96.0,
      "44.Trevi_Fountain": 96.0,
      "45.Temple_of_Heaven": 76.0,
      "46.Great_Wall_of_China": 76.0,
      "47.Prague_Astronomical_Clock": 100.0,
      "48.Whitby_Abbey": 64.0,
      "49.Temple_of_Olympian_Zeus": 88.0
    }
  }
}