{
  "config": {
    "model": "tl_ijepa",
    "augmentation": "randaug",
    "optimizer": "adamw",
    "scheduler": "cosine",
    "epochs": 20,
    "batch_size": 32,
    "learning_rate": 0.001,
    "image_size": 224,
    "freeze_backbone": true,
    "trainable_parameters": 64050,
    "total_parameters": 630826290
  },
  "training": {
    "train_loss": [
      2.8600149768252696,
      1.9118386634187134,
      1.5980324428278556,
      1.4333668187671138,
      1.303708451844564,
      1.2235047665938001,
      1.145173661507296,
      1.093797578204231,
      1.0616734405952761,
      1.0255712492341909,
      0.9759353103709552,
      0.9595877873018991,
      0.9296589456279334,
      0.9059565313456899,
      0.9133479634059971,
      0.9013770783624004,
      0.8689839423951863,
      0.8800763685843062,
      0.8714803666374614,
      0.8691022192586976
    ],
    "val_loss": [
      1.9588694441939227,
      1.5756368019552192,
      1.4151606235071241,
      1.3290666843129095,
      1.265140432541138,
      1.2029411932814105,
      1.1906792722811528,
      1.164449330165644,
      1.145970742438282,
      1.1246811729247803,
      1.118937075058513,
      1.105853645760163,
      1.104952264691545,
      1.0918024315216512,
      1.0924579622907855,
      1.084720838372316,
      1.085548624018324,
      1.0844588419783099,
      1.0839088392830658,
      1.0834991919182648
    ],
    "val_accuracy": [
      54.47263017356475,
      59.946595460614155,
      63.41789052069426,
      65.28704939919893,
      67.8237650200267,
      68.75834445927904,
      69.69292389853138,
      70.09345794392523,
      70.89452603471295,
      70.36048064085448,
      69.69292389853138,
      70.09345794392523,
      70.09345794392523,
      70.62750333778371,
      70.62750333778371,
      70.36048064085448,
      70.4939919893191,
      70.22696929238985,
      70.22696929238985,
      70.22696929238985
    ],
    "learning_rates": [
      0.0009938441702975688,
      0.0009755282581475768,
      0.0009455032620941839,
      0.0009045084971874737,
      0.0008535533905932737,
      0.0007938926261462366,
      0.0007269952498697733,
      0.0006545084971874737,
      0.0005782172325201155,
      0.0005,
      0.0004217827674798847,
      0.00034549150281252633,
      0.00027300475013022663,
      0.00020610737385376348,
      0.00014644660940672625,
      9.549150281252631e-05,
      5.4496737905816096e-05,
      2.447174185242323e-05,
      6.15582970243117e-06,
      0.0
    ],
    "epoch_times": [
      257.15116810798645,
      257.3837971687317,
      255.8969898223877,
      255.81279683113098,
      255.97007417678833,
      258.11745619773865,
      255.91189885139465,
      257.1155788898468,
      255.9665334224701,
      256.2407314777374,
      257.4062399864197,
      255.43182706832886,
      256.84131264686584,
      255.98063111305237,
      257.6871180534363,
      252.21539282798767,
      256.6148171424866,
      252.05141735076904,
      254.1182713508606,
      249.3000385761261
    ],
    "total_time": 5113.214091062546,
    "best_val_loss": 1.0834991919182648
  },
  "evaluation": {
    "overall_accuracy": 74.4,
    "top_k_accuracy": {
      "top_1": 74.4,
      "top_3": 87.76,
      "top_5": 91.44
    },
    "per_class_accuracy": {
      "00.Haleakala_National_Park": 72.0,
      "01.Mount_Rainier_National_Park": 36.0,
      "02.Ljubljana_Castle": 68.0,
      "03.Dead_Sea": 56.00000000000001,
      "04.Wroclaws_Dwarves": 100.0,
      "05.London_Olympic_Stadium": 80.0,
      "06.Niagara_Falls": 48.0,
      "07.Stonehenge": 100.0,
      "08.Grand_Canyon": 72.0,
      "09.Golden_Gate_Bridge": 84.0,
      "10.Edinburgh_Castle": 76.0,
      "11.Mount_Rushmore_National_Memorial": 56.00000000000001,
      "12.Kantanagar_Temple": 92.0,
      "13.Yellowstone_National_Park": 44.0,
      "14.Terminal_Tower": 80.0,
      "15.Central_Park": 48.0,
      "16.Eiffel_Tower": 76.0,
      "17.Changdeokgung": 28.000000000000004,
      "18.Delicate_Arch": 100.0,
      "19.Vienna_City_Hall": 80.0,
      "20.Matterhorn": 76.0,
      "21.Taj_Mahal": 72.0,
      "22.Moscow_Raceway": 88.0,
      "23.Externsteine": 92.0,
      "24.Soreq_Cave": 100.0,
      "25.Banff_National_Park": 64.0,
      "26.Pont_du_Gard": 88.0,
      "27.Seattle_Japanese_Garden": 72.0,
      "28.Sydney_Harbour_Bridge": 64.0,
      "29.Petronas_Towers": 88.0,
      "30.Brooklyn_Bridge": 80.0,
      "31.Washington_Monument": 80.0,
      "32.Hanging_Temple": 80.0,
      "33.Sydney_Opera_House": 80.0,
      "34.Great_Barrier_Reef": 72.0,
      "35.Monumento_a_la_Revolucion": 60.0,
      "36.Badlands_National_Park": 68.0,
      "37.Atomium": 88.0,
      "38.Forth_Bridge": 80.0,
      "39.Gateway_of_India": 80.0,
      "40.Stockholm_City_Hall": 48.0,
      "41.Machu_Picchu": 64.0,
      "42.Death_Valley_National_Park": 60.0,
      "43.Gullfoss_Falls": 84.0,
      "44.Trevi_Fountain": 96.0,
      "45.Temple_of_Heaven": 64.0,
      "46.Great_Wall_of_China": 84.0,
      "47.Prague_Astronomical_Clock": 96.0,
      "48.Whitby_Abbey": 68.0,
      "49.Temple_of_Olympian_Zeus": 88.0
    }
  }
}