{
  "config": {
    "model": "tl_ijepa",
    "augmentation": "mixup",
    "optimizer": "adamw",
    "scheduler": "cosine",
    "epochs": 20,
    "batch_size": 32,
    "learning_rate": 0.001,
    "image_size": 224,
    "freeze_backbone": true,
    "trainable_parameters": 64050,
    "total_parameters": 630826290
  },
  "training": {
    "train_loss": [
      2.7936690443679812,
      1.9482254706075788,
      1.7170924586297653,
      1.5610646803518842,
      1.562775748012373,
      1.459292340171963,
      1.4458994752018486,
      1.425715122737687,
      1.3596042639680939,
      1.3328891590058678,
      1.363401731547676,
      1.2249973260404812,
      1.162590504590837,
      1.228114260149642,
      1.299047939295148,
      1.292344671896213,
      1.2762898538908118,
      1.2696110833412568,
      1.1295221301564504,
      1.1934912547746321
    ],
    "val_loss": [
      1.832509221635928,
      1.5040123685498104,
      1.3834324357347272,
      1.269194997359659,
      1.2170488627475795,
      1.1811277118321255,
      1.1478337394856961,
      1.1234464775895245,
      1.099914712485707,
      1.0836666747629244,
      1.0735893013957982,
      1.0514306022582927,
      1.039111773066909,
      1.0446437535203188,
      1.0331461821124455,
      1.03076421912108,
      1.0299417546021445,
      1.0286608778427695,
      1.0277589401988703,
      1.027551284141948
    ],
    "val_accuracy": [
      60.74766355140187,
      64.21895861148198,
      67.1562082777036,
      69.29238985313752,
      69.69292389853138,
      71.02803738317758,
      71.69559412550066,
      71.96261682242991,
      71.82910547396529,
      72.09612817089453,
      72.63017356475301,
      73.83177570093459,
      73.56475300400534,
      73.56475300400534,
      73.83177570093459,
      74.09879839786382,
      73.43124165554072,
      73.83177570093459,
      73.9652870493992,
      73.9652870493992
    ],
    "learning_rates": [
      0.0009938441702975688,
      0.0009755282581475768,
      0.0009455032620941839,
      0.0009045084971874737,
      0.0008535533905932737,
      0.0007938926261462366,
      0.0007269952498697733,
      0.0006545084971874737,
      0.0005782172325201155,
      0.0005,
      0.0004217827674798847,
      0.00034549150281252633,
      0.00027300475013022663,
      0.00020610737385376348,
      0.00014644660940672625,
      9.549150281252631e-05,
      5.4496737905816096e-05,
      2.447174185242323e-05,
      6.15582970243117e-06,
      0.0
    ],
    "epoch_times": [
      219.47313284873962,
      212.07810282707214,
      213.13693714141846,
      215.48629927635193,
      217.99040746688843,
      216.29844069480896,
      215.19247436523438,
      213.86689162254333,
      217.07246851921082,
      213.0655357837677,
      215.2139928340912,
      212.69251775741577,
      213.04364657402039,
      212.7335708141327,
      210.34691214561462,
      202.46872425079346,
      202.2666585445404,
      202.14374089241028,
      202.1720736026764,
      202.74257612228394
    ],
    "total_time": 4229.485104084015,
    "best_val_loss": 1.027551284141948
  },
  "evaluation": {
    "overall_accuracy": 76.24,
    "top_k_accuracy": {
      "top_1": 76.24,
      "top_3": 88.48,
      "top_5": 92.4
    },
    "per_class_accuracy": {
      "00.Haleakala_National_Park": 64.0,
      "01.Mount_Rainier_National_Park": 48.0,
      "02.Ljubljana_Castle": 72.0,
      "03.Dead_Sea": 44.0,
      "04.Wroclaws_Dwarves": 96.0,
      "05.London_Olympic_Stadium": 84.0,
      "06.Niagara_Falls": 64.0,
      "07.Stonehenge": 100.0,
      "08.Grand_Canyon": 68.0,
      "09.Golden_Gate_Bridge": 84.0,
      "10.Edinburgh_Castle": 68.0,
      "11.Mount_Rushmore_National_Memorial": 60.0,
      "12.Kantanagar_Temple": 92.0,
      "13.Yellowstone_National_Park": 44.0,
      "14.Terminal_Tower": 80.0,
      "15.Central_Park": 52.0,
      "16.Eiffel_Tower": 68.0,
      "17.Changdeokgung": 56.00000000000001,
      "18.Delicate_Arch": 96.0,
      "19.Vienna_City_Hall": 88.0,
      "20.Matterhorn": 68.0,
      "21.Taj_Mahal": 88.0,
      "22.Moscow_Raceway": 88.0,
      "23.Externsteine": 92.0,
      "24.Soreq_Cave": 100.0,
      "25.Banff_National_Park": 68.0,
      "26.Pont_du_Gard": 92.0,
      "27.Seattle_Japanese_Garden": 76.0,
      "28.Sydney_Harbour_Bridge": 72.0,
      "29.Petronas_Towers": 88.0,
      "30.Brooklyn_Bridge": 72.0,
      "31.Washington_Monument": 84.0,
      "32.Hanging_Temple": 80.0,
      "33.Sydney_Opera_House": 80.0,
      "34.Great_Barrier_Reef": 76.0,
      "35.Monumento_a_la_Revolucion": 60.0,
      "36.Badlands_National_Park": 64.0,
      "37.Atomium": 88.0,
      "38.Forth_Bridge": 80.0,
      "39.Gateway_of_India": 84.0,
      "40.Stockholm_City_Hall": 52.0,
      "41.Machu_Picchu": 80.0,
      "42.Death_Valley_National_Park": 72.0,
      "43.Gullfoss_Falls": 84.0,
      "44.Trevi_Fountain": 96.0,
      "45.Temple_of_Heaven": 68.0,
      "46.Great_Wall_of_China": 88.0,
      "47.Prague_Astronomical_Clock": 100.0,
      "48.Whitby_Abbey": 56.00000000000001,
      "49.Temple_of_Olympian_Zeus": 88.0
    }
  }
}