{
  "config": {
    "model": "tl_ijepa",
    "augmentation": "randaug",
    "optimizer": "adamw",
    "scheduler": "warmup-cosine",
    "epochs": 20,
    "batch_size": 32,
    "learning_rate": 0.001,
    "image_size": 224,
    "freeze_backbone": true,
    "trainable_parameters": 64050,
    "total_parameters": 630826290
  },
  "training": {
    "train_loss": [
      3.792153493022537,
      2.929771794356653,
      2.1232933081091785,
      1.6932136922380012,
      1.492531280981279,
      1.3504745383416452,
      1.2442810215162956,
      1.2014318341952872,
      1.1307694778909452,
      1.0691817594410982,
      1.0431963163233937,
      0.9988052855106082,
      0.9792349211659351,
      0.9472969612402722,
      0.9462736537098912,
      0.9310373131712942,
      0.9089703286763553,
      0.8976397893415891,
      0.8967186838479667,
      0.8962576037888137
    ],
    "val_loss": [
      3.512383506517703,
      2.2293582290450784,
      1.6380502964371195,
      1.4617708187714438,
      1.3536349527030507,
      1.2993174544641268,
      1.2564450666328297,
      1.20555288260069,
      1.192081480064443,
      1.1673209355256269,
      1.144509587650783,
      1.1255803060467953,
      1.1144437341091629,
      1.11010301702013,
      1.0993687855067336,
      1.0987431172216846,
      1.096156545570282,
      1.0938994846293064,
      1.0939719721535657,
      1.093962148289496
    ],
    "val_accuracy": [
      20.16021361815754,
      49.93324432576769,
      58.611481975967955,
      62.082777036048064,
      65.15353805073431,
      65.82109479305741,
      68.4913217623498,
      68.35781041388518,
      69.29238985313752,
      68.75834445927904,
      69.55941255006675,
      70.36048064085448,
      70.4939919893191,
      70.36048064085448,
      70.62750333778371,
      70.89452603471295,
      70.76101468624833,
      71.02803738317758,
      71.02803738317758,
      71.02803738317758
    ],
    "learning_rates": [
      0.00055,
      0.001,
      0.000992403876506104,
      0.0009698463103929542,
      0.0009330127018922194,
      0.0008830222215594889,
      0.0008213938048432695,
      0.0007499999999999999,
      0.0006710100716628344,
      0.0005868240888334652,
      0.0004999999999999999,
      0.00041317591116653475,
      0.00032898992833716573,
      0.00025000000000000006,
      0.00017860619515673028,
      0.00011697777844051103,
      6.698729810778074e-05,
      3.0153689607045835e-05,
      7.5961234938959885e-06,
      0.0
    ],
    "epoch_times": [
      243.52979731559753,
      246.67603302001953,
      246.34220361709595,
      235.94360446929932,
      217.34607982635498,
      215.81878852844238,
      216.32475996017456,
      218.54577612876892,
      221.4379506111145,
      218.61206007003784,
      220.1025366783142,
      219.27872037887573,
      218.2499485015869,
      213.3926181793213,
      217.66346073150635,
      219.9126057624817,
      221.57031202316284,
      219.8693070411682,
      221.3109381198883,
      217.4917504787445
    ],
    "total_time": 4469.419251441956,
    "best_val_loss": 1.0938994846293064
  },
  "evaluation": {
    "overall_accuracy": 74.64,
    "top_k_accuracy": {
      "top_1": 74.64,
      "top_3": 87.92,
      "top_5": 92.0
    },
    "per_class_accuracy": {
      "00.Haleakala_National_Park": 80.0,
      "01.Mount_Rainier_National_Park": 40.0,
      "02.Ljubljana_Castle": 72.0,
      "03.Dead_Sea": 52.0,
      "04.Wroclaws_Dwarves": 96.0,
      "05.London_Olympic_Stadium": 80.0,
      "06.Niagara_Falls": 52.0,
      "07.Stonehenge": 100.0,
      "08.Grand_Canyon": 68.0,
      "09.Golden_Gate_Bridge": 84.0,
      "10.Edinburgh_Castle": 76.0,
      "11.Mount_Rushmore_National_Memorial": 56.00000000000001,
      "12.Kantanagar_Temple": 92.0,
      "13.Yellowstone_National_Park": 52.0,
      "14.Terminal_Tower": 84.0,
      "15.Central_Park": 44.0,
      "16.Eiffel_Tower": 68.0,
      "17.Changdeokgung": 32.0,
      "18.Delicate_Arch": 96.0,
      "19.Vienna_City_Hall": 80.0,
      "20.Matterhorn": 76.0,
      "21.Taj_Mahal": 72.0,
      "22.Moscow_Raceway": 88.0,
      "23.Externsteine": 92.0,
      "24.Soreq_Cave": 100.0,
      "25.Banff_National_Park": 68.0,
      "26.Pont_du_Gard": 92.0,
      "27.Seattle_Japanese_Garden": 68.0,
      "28.Sydney_Harbour_Bridge": 60.0,
      "29.Petronas_Towers": 88.0,
      "30.Brooklyn_Bridge": 72.0,
      "31.Washington_Monument": 80.0,
      "32.Hanging_Temple": 80.0,
      "33.Sydney_Opera_House": 80.0,
      "34.Great_Barrier_Reef": 72.0,
      "35.Monumento_a_la_Revolucion": 72.0,
      "36.Badlands_National_Park": 64.0,
      "37.Atomium": 88.0,
      "38.Forth_Bridge": 80.0,
      "39.Gateway_of_India": 80.0,
      "40.Stockholm_City_Hall": 44.0,
      "41.Machu_Picchu": 72.0,
      "42.Death_Valley_National_Park": 64.0,
      "43.Gullfoss_Falls": 88.0,
      "44.Trevi_Fountain": 96.0,
      "45.Temple_of_Heaven": 64.0,
      "46.Great_Wall_of_China": 80.0,
      "47.Prague_Astronomical_Clock": 96.0,
      "48.Whitby_Abbey": 64.0,
      "49.Temple_of_Olympian_Zeus": 88.0
    }
  }
}