{
  "config": {
    "model": "tl_ijepa",
    "augmentation": "mixup",
    "optimizer": "adamw",
    "scheduler": "warmup-cosine",
    "epochs": 20,
    "batch_size": 32,
    "learning_rate": 0.001,
    "image_size": 224,
    "freeze_backbone": true,
    "trainable_parameters": 64050,
    "total_parameters": 630826290
  },
  "training": {
    "train_loss": [
      3.736506035784314,
      2.8155013726182565,
      2.084227662690533,
      1.7824795202055845,
      1.6439138621421654,
      1.6304659375252937,
      1.5248851322246377,
      1.4194005042742583,
      1.4459520015038405,
      1.3357505296184395,
      1.4702734490801705,
      1.2320271308123996,
      1.300341147940833,
      1.331120311554275,
      1.376606910515595,
      1.2621333895920865,
      1.2838558162384266,
      1.1948329217860019,
      1.2282699456994102,
      1.2396962461062873
    ],
    "val_loss": [
      3.427741116929914,
      2.1120292468764914,
      1.607696335528976,
      1.428818900371903,
      1.3288512892016422,
      1.2615844022447817,
      1.2007894831123913,
      1.175200504836476,
      1.1302524354652028,
      1.109627336144288,
      1.11658298953353,
      1.0834727314349328,
      1.0741788632720113,
      1.0617558749240932,
      1.063637030299738,
      1.046947701591675,
      1.0469201760234756,
      1.0470758323198326,
      1.0459075209613795,
      1.045505027745531
    ],
    "val_accuracy": [
      26.83578104138852,
      54.606141522029375,
      61.54873164218959,
      66.48865153538051,
      68.22429906542057,
      69.1588785046729,
      70.4939919893191,
      71.29506008010681,
      72.36315086782376,
      72.76368491321762,
      71.82910547396529,
      74.09879839786382,
      73.56475300400534,
      73.56475300400534,
      73.69826435246996,
      73.83177570093459,
      74.23230974632844,
      73.69826435246996,
      73.56475300400534,
      73.56475300400534
    ],
    "learning_rates": [
      0.00055,
      0.001,
      0.000992403876506104,
      0.0009698463103929542,
      0.0009330127018922194,
      0.0008830222215594889,
      0.0008213938048432695,
      0.0007499999999999999,
      0.0006710100716628344,
      0.0005868240888334652,
      0.0004999999999999999,
      0.00041317591116653475,
      0.00032898992833716573,
      0.00025000000000000006,
      0.00017860619515673028,
      0.00011697777844051103,
      6.698729810778074e-05,
      3.0153689607045835e-05,
      7.5961234938959885e-06,
      0.0
    ],
    "epoch_times": [
      227.04461884498596,
      215.98134589195251,
      215.20532536506653,
      211.91393756866455,
      213.3235948085785,
      205.24482417106628,
      203.87128591537476,
      205.59773015975952,
      210.80076503753662,
      206.31625652313232,
      203.98894119262695,
      203.05603766441345,
      202.3222575187683,
      203.8438766002655,
      202.83106756210327,
      203.37462759017944,
      203.25181126594543,
      203.2696681022644,
      204.94434070587158,
      212.37340784072876
    ],
    "total_time": 4158.555720329285,
    "best_val_loss": 1.045505027745531
  },
  "evaluation": {
    "overall_accuracy": 76.24,
    "top_k_accuracy": {
      "top_1": 76.24,
      "top_3": 88.88,
      "top_5": 92.08
    },
    "per_class_accuracy": {
      "00.Haleakala_National_Park": 72.0,
      "01.Mount_Rainier_National_Park": 44.0,
      "02.Ljubljana_Castle": 76.0,
      "03.Dead_Sea": 48.0,
      "04.Wroclaws_Dwarves": 100.0,
      "05.London_Olympic_Stadium": 84.0,
      "06.Niagara_Falls": 64.0,
      "07.Stonehenge": 100.0,
      "08.Grand_Canyon": 68.0,
      "09.Golden_Gate_Bridge": 84.0,
      "10.Edinburgh_Castle": 68.0,
      "11.Mount_Rushmore_National_Memorial": 64.0,
      "12.Kantanagar_Temple": 92.0,
      "13.Yellowstone_National_Park": 48.0,
      "14.Terminal_Tower": 80.0,
      "15.Central_Park": 52.0,
      "16.Eiffel_Tower": 68.0,
      "17.Changdeokgung": 52.0,
      "18.Delicate_Arch": 92.0,
      "19.Vienna_City_Hall": 80.0,
      "20.Matterhorn": 68.0,
      "21.Taj_Mahal": 88.0,
      "22.Moscow_Raceway": 88.0,
      "23.Externsteine": 92.0,
      "24.Soreq_Cave": 100.0,
      "25.Banff_National_Park": 68.0,
      "26.Pont_du_Gard": 92.0,
      "27.Seattle_Japanese_Garden": 80.0,
      "28.Sydney_Harbour_Bridge": 64.0,
      "29.Petronas_Towers": 88.0,
      "30.Brooklyn_Bridge": 72.0,
      "31.Washington_Monument": 84.0,
      "32.Hanging_Temple": 84.0,
      "33.Sydney_Opera_House": 80.0,
      "34.Great_Barrier_Reef": 80.0,
      "35.Monumento_a_la_Revolucion": 60.0,
      "36.Badlands_National_Park": 56.00000000000001,
      "37.Atomium": 92.0,
      "38.Forth_Bridge": 80.0,
      "39.Gateway_of_India": 80.0,
      "40.Stockholm_City_Hall": 48.0,
      "41.Machu_Picchu": 80.0,
      "42.Death_Valley_National_Park": 68.0,
      "43.Gullfoss_Falls": 84.0,
      "44.Trevi_Fountain": 96.0,
      "45.Temple_of_Heaven": 68.0,
      "46.Great_Wall_of_China": 84.0,
      "47.Prague_Astronomical_Clock": 100.0,
      "48.Whitby_Abbey": 64.0,
      "49.Temple_of_Olympian_Zeus": 88.0
    }
  }
}