{
  "config": {
    "model": "tl_ijepa",
    "augmentation": "flip-crop",
    "optimizer": "adamw",
    "scheduler": "cosine",
    "epochs": 20,
    "batch_size": 32,
    "learning_rate": 0.001,
    "image_size": 224,
    "freeze_backbone": true,
    "trainable_parameters": 64050,
    "total_parameters": 630826290
  },
  "training": {
    "train_loss": [
      2.4995248074640464,
      1.5039500272046658,
      1.2318917865441046,
      1.082619493670651,
      0.9643561121770178,
      0.8854887256250119,
      0.8183382613703254,
      0.7648076997915941,
      0.7213507874561585,
      0.6874768398693373,
      0.6617160177045579,
      0.6377834753412512,
      0.6201019209217739,
      0.5973865080853757,
      0.586412422876513,
      0.568261452382358,
      0.5637620333393574,
      0.5652199362288202,
      0.5561956573520684,
      0.556366881834133
    ],
    "val_loss": [
      1.7844642246358384,
      1.4502207150605715,
      1.305356357062611,
      1.225736934447957,
      1.170424568318875,
      1.1428084892328974,
      1.1005992851206394,
      1.0683066623710662,
      1.0551642201771245,
      1.0439878948858488,
      1.0301687685606158,
      1.018735458758549,
      1.0107796833575646,
      1.0063983782907036,
      1.0023309181783802,
      0.9987585652813574,
      0.9958521746825153,
      0.9955652557482547,
      0.9949707512225264,
      0.9948174261123698
    ],
    "val_accuracy": [
      59.41255006675567,
      64.88651535380508,
      67.42323097463284,
      68.35781041388518,
      69.69292389853138,
      69.69292389853138,
      71.16154873164218,
      72.22963951935914,
      72.36315086782376,
      72.63017356475301,
      72.22963951935914,
      72.89719626168224,
      73.29773030707611,
      73.03070761014686,
      72.76368491321762,
      72.76368491321762,
      73.29773030707611,
      73.16421895861149,
      73.03070761014686,
      73.03070761014686
    ],
    "learning_rates": [
      0.0009938441702975688,
      0.0009755282581475768,
      0.0009455032620941839,
      0.0009045084971874737,
      0.0008535533905932737,
      0.0007938926261462366,
      0.0007269952498697733,
      0.0006545084971874737,
      0.0005782172325201155,
      0.0005,
      0.0004217827674798847,
      0.00034549150281252633,
      0.00027300475013022663,
      0.00020610737385376348,
      0.00014644660940672625,
      9.549150281252631e-05,
      5.4496737905816096e-05,
      2.447174185242323e-05,
      6.15582970243117e-06,
      0.0
    ],
    "epoch_times": [
      241.7078902721405,
      244.78722262382507,
      239.83357167243958,
      226.14205312728882,
      226.790433883667,
      225.5306842327118,
      224.3976891040802,
      225.74430441856384,
      225.70672607421875,
      225.52738881111145,
      225.479341506958,
      224.65366005897522,
      226.84340691566467,
      224.9773759841919,
      225.23263311386108,
      238.58130526542664,
      244.97527933120728,
      247.38677096366882,
      244.7205946445465,
      245.32011008262634
    ],
    "total_time": 4654.3384420871735,
    "best_val_loss": 0.9948174261123698
  },
  "evaluation": {
    "overall_accuracy": 76.4,
    "top_k_accuracy": {
      "top_1": 76.4,
      "top_3": 88.88,
      "top_5": 92.96
    },
    "per_class_accuracy": {
      "00.Haleakala_National_Park": 68.0,
      "01.Mount_Rainier_National_Park": 52.0,
      "02.Ljubljana_Castle": 72.0,
      "03.Dead_Sea": 48.0,
      "04.Wroclaws_Dwarves": 100.0,
      "05.London_Olympic_Stadium": 84.0,
      "06.Niagara_Falls": 64.0,
      "07.Stonehenge": 100.0,
      "08.Grand_Canyon": 72.0,
      "09.Golden_Gate_Bridge": 84.0,
      "10.Edinburgh_Castle": 72.0,
      "11.Mount_Rushmore_National_Memorial": 64.0,
      "12.Kantanagar_Temple": 92.0,
      "13.Yellowstone_National_Park": 44.0,
      "14.Terminal_Tower": 80.0,
      "15.Central_Park": 48.0,
      "16.Eiffel_Tower": 72.0,
      "17.Changdeokgung": 52.0,
      "18.Delicate_Arch": 96.0,
      "19.Vienna_City_Hall": 84.0,
      "20.Matterhorn": 68.0,
      "21.Taj_Mahal": 88.0,
      "22.Moscow_Raceway": 88.0,
      "23.Externsteine": 92.0,
      "24.Soreq_Cave": 100.0,
      "25.Banff_National_Park": 68.0,
      "26.Pont_du_Gard": 92.0,
      "27.Seattle_Japanese_Garden": 80.0,
      "28.Sydney_Harbour_Bridge": 56.00000000000001,
      "29.Petronas_Towers": 88.0,
      "30.Brooklyn_Bridge": 72.0,
      "31.Washington_Monument": 88.0,
      "32.Hanging_Temple": 80.0,
      "33.Sydney_Opera_House": 80.0,
      "34.Great_Barrier_Reef": 76.0,
      "35.Monumento_a_la_Revolucion": 64.0,
      "36.Badlands_National_Park": 60.0,
      "37.Atomium": 88.0,
      "38.Forth_Bridge": 72.0,
      "39.Gateway_of_India": 80.0,
      "40.Stockholm_City_Hall": 52.0,
      "41.Machu_Picchu": 80.0,
      "42.Death_Valley_National_Park": 68.0,
      "43.Gullfoss_Falls": 84.0,
      "44.Trevi_Fountain": 96.0,
      "45.Temple_of_Heaven": 72.0,
      "46.Great_Wall_of_China": 88.0,
      "47.Prague_Astronomical_Clock": 100.0,
      "48.Whitby_Abbey": 64.0,
      "49.Temple_of_Olympian_Zeus": 88.0
    }
  }
}