{
  "config": {
    "model": "tl_resnet50",
    "augmentation": "mixup",
    "optimizer": "adamw",
    "scheduler": "cosine",
    "epochs": 20,
    "batch_size": 32,
    "learning_rate": 0.001,
    "image_size": 224,
    "freeze_backbone": true,
    "trainable_parameters": 102450,
    "total_parameters": 23610482
  },
  "training": {
    "train_loss": [
      2.8433364838859965,
      1.8311652607263216,
      1.4839902650841215,
      1.3857936751626367,
      1.2991355893638292,
      1.2305557033104535,
      1.1483918070119494,
      1.1511691137569384,
      0.9809359934909894,
      1.1001890852840361,
      1.0217833990401763,
      1.1044422035810104,
      1.1399788594902727,
      0.9280333213450237,
      0.9510694419689282,
      0.8632024049141391,
      0.8699816197318303,
      0.905659302827019,
      0.8876414647839449,
      0.9261790555815206
    ],
    "val_loss": [
      1.9052299485505821,
      1.4293990087445492,
      1.1689129749509457,
      1.1000102010365322,
      1.021273419917505,
      0.9672071758672615,
      0.9484862039818146,
      0.9183377269431651,
      0.8933591277640716,
      0.895378882799034,
      0.949684398196568,
      0.9265570497321828,
      0.8780508000000774,
      0.8805599819038198,
      0.8451474706066625,
      0.8794265479366674,
      0.854059468283354,
      0.8531457690275878,
      0.8393626065056855,
      0.8287373458113626
    ],
    "val_accuracy": [
      65.42056074766356,
      72.36315086782376,
      74.49933244325767,
      77.16955941255007,
      78.63818424566088,
      78.90520694259013,
      79.03871829105474,
      79.97329773030708,
      80.24032042723631,
      79.17222963951936,
      79.70627503337784,
      81.57543391188251,
      81.97596795727637,
      81.84245660881174,
      81.57543391188251,
      81.84245660881174,
      81.84245660881174,
      81.97596795727637,
      82.24299065420561,
      82.37650200267022
    ],
    "learning_rates": [
      0.0009938441702975688,
      0.0009755282581475768,
      0.0009455032620941839,
      0.0009045084971874737,
      0.0008535533905932737,
      0.0007938926261462366,
      0.0007269952498697733,
      0.0006545084971874737,
      0.0005782172325201155,
      0.0005,
      0.0004217827674798847,
      0.00034549150281252633,
      0.00027300475013022663,
      0.00020610737385376348,
      0.00014644660940672625,
      9.549150281252631e-05,
      5.4496737905816096e-05,
      2.447174185242323e-05,
      6.15582970243117e-06,
      0.0
    ],
    "epoch_times": [
      36.195669174194336,
      36.556102991104126,
      36.69265627861023,
      36.98824977874756,
      36.6745662689209,
      36.537609338760376,
      36.57508587837219,
      36.78769826889038,
      36.458685636520386,
      37.41353631019592,
      40.32741594314575,
      42.527690172195435,
      42.14071202278137,
      43.802894830703735,
      43.60512185096741,
      39.82595443725586,
      39.95314073562622,
      40.54912281036377,
      38.908772468566895,
      37.68360137939453
    ],
    "total_time": 776.2042865753174,
    "best_val_loss": 0.8287373458113626
  },
  "evaluation": {
    "overall_accuracy": 81.84,
    "top_k_accuracy": {
      "top_1": 81.84,
      "top_3": 91.92,
      "top_5": 94.16
    },
    "per_class_accuracy": {
      "00.Haleakala_National_Park": 60.0,
      "01.Mount_Rainier_National_Park": 52.0,
      "02.Ljubljana_Castle": 92.0,
      "03.Dead_Sea": 48.0,
      "04.Wroclaws_Dwarves": 88.0,
      "05.London_Olympic_Stadium": 92.0,
      "06.Niagara_Falls": 64.0,
      "07.Stonehenge": 100.0,
      "08.Grand_Canyon": 76.0,
      "09.Golden_Gate_Bridge": 92.0,
      "10.Edinburgh_Castle": 64.0,
      "11.Mount_Rushmore_National_Memorial": 76.0,
      "12.Kantanagar_Temple": 96.0,
      "13.Yellowstone_National_Park": 56.00000000000001,
      "14.Terminal_Tower": 92.0,
      "15.Central_Park": 48.0,
      "16.Eiffel_Tower": 88.0,
      "17.Changdeokgung": 56.00000000000001,
      "18.Delicate_Arch": 96.0,
      "19.Vienna_City_Hall": 88.0,
      "20.Matterhorn": 84.0,
      "21.Taj_Mahal": 92.0,
      "22.Moscow_Raceway": 88.0,
      "23.Externsteine": 84.0,
      "24.Soreq_Cave": 96.0,
      "25.Banff_National_Park": 68.0,
      "26.Pont_du_Gard": 96.0,
      "27.Seattle_Japanese_Garden": 84.0,
      "28.Sydney_Harbour_Bridge": 76.0,
      "29.Petronas_Towers": 100.0,
      "30.Brooklyn_Bridge": 88.0,
      "31.Washington_Monument": 92.0,
      "32.Hanging_Temple": 84.0,
      "33.Sydney_Opera_House": 80.0,
      "34.Great_Barrier_Reef": 80.0,
      "35.Monumento_a_la_Revolucion": 88.0,
      "36.Badlands_National_Park": 76.0,
      "37.Atomium": 88.0,
      "38.Forth_Bridge": 84.0,
      "39.Gateway_of_India": 88.0,
      "40.Stockholm_City_Hall": 84.0,
      "41.Machu_Picchu": 88.0,
      "42.Death_Valley_National_Park": 60.0,
      "43.Gullfoss_Falls": 92.0,
      "44.Trevi_Fountain": 100.0,
      "45.Temple_of_Heaven": 84.0,
      "46.Great_Wall_of_China": 84.0,
      "47.Prague_Astronomical_Clock": 100.0,
      "48.Whitby_Abbey": 68.0,
      "49.Temple_of_Olympian_Zeus": 92.0
    }
  }
}