{
  "config": {
    "model": "tl_resnet50",
    "augmentation": "flip-crop",
    "optimizer": "adamw",
    "scheduler": "cosine",
    "epochs": 20,
    "batch_size": 32,
    "learning_rate": 0.001,
    "image_size": 224,
    "freeze_backbone": true,
    "trainable_parameters": 102450,
    "total_parameters": 23610482
  },
  "training": {
    "train_loss": [
      2.5727613862329353,
      1.3828193332999068,
      1.0087460929544105,
      0.820884924202154,
      0.6979880981903399,
      0.608396848412382,
      0.531373539222446,
      0.4811292370403686,
      0.4416358719678775,
      0.40832423210873836,
      0.3842029221933085,
      0.35673749421606743,
      0.33572730122382766,
      0.33424002491420146,
      0.305835272351068,
      0.3043223271124049,
      0.31302812800060476,
      0.2913510906280897,
      0.29317548971387225,
      0.29138978410881494
    ],
    "val_loss": [
      1.713485596176779,
      1.2737240783362904,
      1.0853234464240489,
      1.005406797966747,
      0.909562958576014,
      0.8871500110116916,
      0.8439141815908761,
      0.8384238371702635,
      0.8070580900431634,
      0.8068334847808043,
      0.7926136099289511,
      0.7908058965476715,
      0.7886325896025023,
      0.7708498304771964,
      0.7577481705929154,
      0.7594425409276272,
      0.7627542259218855,
      0.7630771665929634,
      0.7526156456671028,
      0.7672356134740629
    ],
    "val_accuracy": [
      68.62483311081442,
      72.76368491321762,
      75.16688918558077,
      77.30307076101468,
      78.63818424566088,
      78.7716955941255,
      79.30574098798398,
      80.10680907877169,
      79.83978638184246,
      79.4392523364486,
      79.57276368491321,
      80.10680907877169,
      80.37383177570094,
      81.17489986648866,
      81.30841121495327,
      80.77436582109479,
      81.17489986648866,
      80.64085447263017,
      81.04138851802404,
      81.17489986648866
    ],
    "learning_rates": [
      0.0009938441702975688,
      0.0009755282581475768,
      0.0009455032620941839,
      0.0009045084971874737,
      0.0008535533905932737,
      0.0007938926261462366,
      0.0007269952498697733,
      0.0006545084971874737,
      0.0005782172325201155,
      0.0005,
      0.0004217827674798847,
      0.00034549150281252633,
      0.00027300475013022663,
      0.00020610737385376348,
      0.00014644660940672625,
      9.549150281252631e-05,
      5.4496737905816096e-05,
      2.447174185242323e-05,
      6.15582970243117e-06,
      0.0
    ],
    "epoch_times": [
      37.573891401290894,
      37.62716293334961,
      36.448002576828,
      37.70667767524719,
      36.80146670341492,
      37.22402334213257,
      37.076374769210815,
      36.25929260253906,
      37.12980508804321,
      36.706034898757935,
      36.81226396560669,
      36.96179747581482,
      36.49945545196533,
      36.60433006286621,
      37.06270933151245,
      36.86066794395447,
      37.08010649681091,
      36.32958769798279,
      37.23718810081482,
      36.68561887741089
    ],
    "total_time": 738.6864573955536,
    "best_val_loss": 0.7526156456671028
  },
  "evaluation": {
    "overall_accuracy": 81.36,
    "top_k_accuracy": {
      "top_1": 81.36,
      "top_3": 91.44,
      "top_5": 93.76
    },
    "per_class_accuracy": {
      "00.Haleakala_National_Park": 64.0,
      "01.Mount_Rainier_National_Park": 56.00000000000001,
      "02.Ljubljana_Castle": 88.0,
      "03.Dead_Sea": 44.0,
      "04.Wroclaws_Dwarves": 92.0,
      "05.London_Olympic_Stadium": 92.0,
      "06.Niagara_Falls": 56.00000000000001,
      "07.Stonehenge": 100.0,
      "08.Grand_Canyon": 80.0,
      "09.Golden_Gate_Bridge": 92.0,
      "10.Edinburgh_Castle": 72.0,
      "11.Mount_Rushmore_National_Memorial": 72.0,
      "12.Kantanagar_Temple": 96.0,
      "13.Yellowstone_National_Park": 56.00000000000001,
      "14.Terminal_Tower": 92.0,
      "15.Central_Park": 52.0,
      "16.Eiffel_Tower": 92.0,
      "17.Changdeokgung": 60.0,
      "18.Delicate_Arch": 96.0,
      "19.Vienna_City_Hall": 92.0,
      "20.Matterhorn": 80.0,
      "21.Taj_Mahal": 92.0,
      "22.Moscow_Raceway": 88.0,
      "23.Externsteine": 88.0,
      "24.Soreq_Cave": 96.0,
      "25.Banff_National_Park": 68.0,
      "26.Pont_du_Gard": 96.0,
      "27.Seattle_Japanese_Garden": 84.0,
      "28.Sydney_Harbour_Bridge": 72.0,
      "29.Petronas_Towers": 100.0,
      "30.Brooklyn_Bridge": 88.0,
      "31.Washington_Monument": 92.0,
      "32.Hanging_Temple": 80.0,
      "33.Sydney_Opera_House": 72.0,
      "34.Great_Barrier_Reef": 80.0,
      "35.Monumento_a_la_Revolucion": 88.0,
      "36.Badlands_National_Park": 68.0,
      "37.Atomium": 88.0,
      "38.Forth_Bridge": 84.0,
      "39.Gateway_of_India": 96.0,
      "40.Stockholm_City_Hall": 72.0,
      "41.Machu_Picchu": 84.0,
      "42.Death_Valley_National_Park": 56.00000000000001,
      "43.Gullfoss_Falls": 92.0,
      "44.Trevi_Fountain": 100.0,
      "45.Temple_of_Heaven": 80.0,
      "46.Great_Wall_of_China": 84.0,
      "47.Prague_Astronomical_Clock": 100.0,
      "48.Whitby_Abbey": 64.0,
      "49.Temple_of_Olympian_Zeus": 92.0
    }
  }
}