{
  "config": {
    "model": "tl_resnet50",
    "augmentation": "mixup",
    "optimizer": "adamw",
    "scheduler": "warmup-cosine",
    "epochs": 20,
    "batch_size": 32,
    "learning_rate": 0.001,
    "image_size": 224,
    "freeze_backbone": true,
    "trainable_parameters": 102450,
    "total_parameters": 23610482
  },
  "training": {
    "train_loss": [
      3.7452487407753488,
      2.9909625963966007,
      2.0993091164124777,
      1.6596593109613198,
      1.452734992732602,
      1.3204318387440466,
      1.2276652430348434,
      1.107532486414275,
      1.168042291100513,
      0.9949133268855503,
      1.0098937641375763,
      1.019102043787788,
      1.0288976625972899,
      0.9858293828822204,
      1.014137950888347,
      0.89421129869466,
      0.9364181583225797,
      1.0113828214219185,
      0.9154512194540744,
      0.9688401693789179
    ],
    "val_loss": [
      3.5428644627213317,
      2.376975828560395,
      1.582013644586418,
      1.2995989414973952,
      1.1376655190904563,
      1.070317218395992,
      1.0296013584442547,
      0.9866885577088523,
      0.9458146512269655,
      0.920082858789747,
      0.900656464421383,
      0.9392230061886307,
      0.9034093382839208,
      0.8932820124046825,
      0.882235561735003,
      0.859374506769575,
      0.9008805328440443,
      0.8967215408470347,
      0.884620908105644,
      0.9495378600580192
    ],
    "val_accuracy": [
      37.249666221628836,
      64.21895861148198,
      70.09345794392523,
      72.36315086782376,
      74.76635514018692,
      76.6355140186916,
      76.6355140186916,
      77.83711615487316,
      78.7716955941255,
      79.03871829105474,
      79.83978638184246,
      78.90520694259013,
      79.4392523364486,
      79.4392523364486,
      80.24032042723631,
      80.50734312416556,
      79.57276368491321,
      80.50734312416556,
      80.37383177570094,
      79.70627503337784
    ],
    "learning_rates": [
      0.00055,
      0.001,
      0.000992403876506104,
      0.0009698463103929542,
      0.0009330127018922194,
      0.0008830222215594889,
      0.0008213938048432695,
      0.0007499999999999999,
      0.0006710100716628344,
      0.0005868240888334652,
      0.0004999999999999999,
      0.00041317591116653475,
      0.00032898992833716573,
      0.00025000000000000006,
      0.00017860619515673028,
      0.00011697777844051103,
      6.698729810778074e-05,
      3.0153689607045835e-05,
      7.5961234938959885e-06,
      0.0
    ],
    "epoch_times": [
      38.26712107658386,
      41.73522925376892,
      43.90251421928406,
      41.12499952316284,
      40.58108901977539,
      40.14549660682678,
      39.55358624458313,
      40.285855770111084,
      41.93907189369202,
      41.02324342727661,
      41.625531911849976,
      42.5487322807312,
      40.50906491279602,
      39.03484535217285,
      38.091752767562866,
      37.48001551628113,
      39.75214147567749,
      40.572243213653564,
      40.522212505340576,
      41.16812586784363
    ],
    "total_time": 809.862872838974,
    "best_val_loss": 0.859374506769575
  },
  "evaluation": {
    "overall_accuracy": 81.84,
    "top_k_accuracy": {
      "top_1": 81.84,
      "top_3": 91.68,
      "top_5": 93.92
    },
    "per_class_accuracy": {
      "00.Haleakala_National_Park": 68.0,
      "01.Mount_Rainier_National_Park": 56.00000000000001,
      "02.Ljubljana_Castle": 88.0,
      "03.Dead_Sea": 32.0,
      "04.Wroclaws_Dwarves": 96.0,
      "05.London_Olympic_Stadium": 96.0,
      "06.Niagara_Falls": 56.00000000000001,
      "07.Stonehenge": 100.0,
      "08.Grand_Canyon": 72.0,
      "09.Golden_Gate_Bridge": 96.0,
      "10.Edinburgh_Castle": 68.0,
      "11.Mount_Rushmore_National_Memorial": 76.0,
      "12.Kantanagar_Temple": 96.0,
      "13.Yellowstone_National_Park": 56.00000000000001,
      "14.Terminal_Tower": 92.0,
      "15.Central_Park": 48.0,
      "16.Eiffel_Tower": 92.0,
      "17.Changdeokgung": 68.0,
      "18.Delicate_Arch": 96.0,
      "19.Vienna_City_Hall": 88.0,
      "20.Matterhorn": 92.0,
      "21.Taj_Mahal": 92.0,
      "22.Moscow_Raceway": 88.0,
      "23.Externsteine": 92.0,
      "24.Soreq_Cave": 96.0,
      "25.Banff_National_Park": 72.0,
      "26.Pont_du_Gard": 96.0,
      "27.Seattle_Japanese_Garden": 80.0,
      "28.Sydney_Harbour_Bridge": 76.0,
      "29.Petronas_Towers": 100.0,
      "30.Brooklyn_Bridge": 88.0,
      "31.Washington_Monument": 92.0,
      "32.Hanging_Temple": 80.0,
      "33.Sydney_Opera_House": 80.0,
      "34.Great_Barrier_Reef": 80.0,
      "35.Monumento_a_la_Revolucion": 88.0,
      "36.Badlands_National_Park": 72.0,
      "37.Atomium": 88.0,
      "38.Forth_Bridge": 84.0,
      "39.Gateway_of_India": 92.0,
      "40.Stockholm_City_Hall": 76.0,
      "41.Machu_Picchu": 76.0,
      "42.Death_Valley_National_Park": 64.0,
      "43.Gullfoss_Falls": 92.0,
      "44.Trevi_Fountain": 100.0,
      "45.Temple_of_Heaven": 80.0,
      "46.Great_Wall_of_China": 80.0,
      "47.Prague_Astronomical_Clock": 100.0,
      "48.Whitby_Abbey": 64.0,
      "49.Temple_of_Olympian_Zeus": 92.0
    }
  }
}