{
  "config": {
    "model": "tl_resnet50",
    "augmentation": "randaug",
    "optimizer": "adamw",
    "scheduler": "cosine",
    "epochs": 20,
    "batch_size": 32,
    "learning_rate": 0.001,
    "image_size": 224,
    "freeze_backbone": true,
    "trainable_parameters": 102450,
    "total_parameters": 23610482
  },
  "training": {
    "train_loss": [
      2.6776001142675185,
      1.4921862594599102,
      1.1202745460358008,
      0.9213310517870681,
      0.7940586012112048,
      0.6989109264083657,
      0.6247715511573521,
      0.5737370342710929,
      0.535602341283903,
      0.5088403422481065,
      0.4732436096497022,
      0.4494960439578488,
      0.4239040562509789,
      0.415241214684214,
      0.39991938008233635,
      0.39845902541679074,
      0.3842720244670156,
      0.38929014569286574,
      0.3829198578876525,
      0.37981517767664796
    ],
    "val_loss": [
      1.7492382793783028,
      1.258901748383475,
      1.0788948973603496,
      0.9666754306556385,
      0.9266511337142761,
      0.8751792627596887,
      0.8465295356806511,
      0.8227542559199722,
      0.8062273099998607,
      0.7991765696152507,
      0.7831470655981148,
      0.7772469889815246,
      0.7653068347034531,
      0.7655145550601791,
      0.7644459984808643,
      0.7585143939516096,
      0.7628030573255389,
      0.7590787412327663,
      0.7690017777227751,
      0.7614498650916269
    ],
    "val_accuracy": [
      69.02536715620828,
      73.9652870493992,
      75.56742323097463,
      77.30307076101468,
      77.4365821094793,
      78.23765020026703,
      78.90520694259013,
      79.30574098798398,
      79.17222963951936,
      79.83978638184246,
      79.70627503337784,
      80.24032042723631,
      81.04138851802404,
      81.04138851802404,
      80.24032042723631,
      80.77436582109479,
      80.64085447263017,
      80.24032042723631,
      80.24032042723631,
      80.50734312416556
    ],
    "learning_rates": [
      0.0009938441702975688,
      0.0009755282581475768,
      0.0009455032620941839,
      0.0009045084971874737,
      0.0008535533905932737,
      0.0007938926261462366,
      0.0007269952498697733,
      0.0006545084971874737,
      0.0005782172325201155,
      0.0005,
      0.0004217827674798847,
      0.00034549150281252633,
      0.00027300475013022663,
      0.00020610737385376348,
      0.00014644660940672625,
      9.549150281252631e-05,
      5.4496737905816096e-05,
      2.447174185242323e-05,
      6.15582970243117e-06,
      0.0
    ],
    "epoch_times": [
      41.158443212509155,
      40.55790972709656,
      41.06147360801697,
      41.20881938934326,
      41.85969877243042,
      41.41954159736633,
      41.971221685409546,
      40.45229887962341,
      41.47061347961426,
      41.355714082717896,
      40.716458797454834,
      40.9141001701355,
      41.21656084060669,
      41.14846158027649,
      41.559067726135254,
      40.98594689369202,
      41.24455285072327,
      41.09288239479065,
      41.68543314933777,
      41.096566915512085
    ],
    "total_time": 824.1757657527924,
    "best_val_loss": 0.7585143939516096
  },
  "evaluation": {
    "overall_accuracy": 83.2,
    "top_k_accuracy": {
      "top_1": 83.2,
      "top_3": 92.0,
      "top_5": 94.64
    },
    "per_class_accuracy": {
      "00.Haleakala_National_Park": 84.0,
      "01.Mount_Rainier_National_Park": 52.0,
      "02.Ljubljana_Castle": 92.0,
      "03.Dead_Sea": 56.00000000000001,
      "04.Wroclaws_Dwarves": 92.0,
      "05.London_Olympic_Stadium": 96.0,
      "06.Niagara_Falls": 64.0,
      "07.Stonehenge": 100.0,
      "08.Grand_Canyon": 76.0,
      "09.Golden_Gate_Bridge": 92.0,
      "10.Edinburgh_Castle": 64.0,
      "11.Mount_Rushmore_National_Memorial": 80.0,
      "12.Kantanagar_Temple": 96.0,
      "13.Yellowstone_National_Park": 48.0,
      "14.Terminal_Tower": 96.0,
      "15.Central_Park": 48.0,
      "16.Eiffel_Tower": 92.0,
      "17.Changdeokgung": 64.0,
      "18.Delicate_Arch": 96.0,
      "19.Vienna_City_Hall": 88.0,
      "20.Matterhorn": 80.0,
      "21.Taj_Mahal": 92.0,
      "22.Moscow_Raceway": 88.0,
      "23.Externsteine": 96.0,
      "24.Soreq_Cave": 100.0,
      "25.Banff_National_Park": 68.0,
      "26.Pont_du_Gard": 100.0,
      "27.Seattle_Japanese_Garden": 84.0,
      "28.Sydney_Harbour_Bridge": 72.0,
      "29.Petronas_Towers": 100.0,
      "30.Brooklyn_Bridge": 84.0,
      "31.Washington_Monument": 88.0,
      "32.Hanging_Temple": 84.0,
      "33.Sydney_Opera_House": 84.0,
      "34.Great_Barrier_Reef": 80.0,
      "35.Monumento_a_la_Revolucion": 92.0,
      "36.Badlands_National_Park": 84.0,
      "37.Atomium": 84.0,
      "38.Forth_Bridge": 88.0,
      "39.Gateway_of_India": 92.0,
      "40.Stockholm_City_Hall": 84.0,
      "41.Machu_Picchu": 84.0,
      "42.Death_Valley_National_Park": 64.0,
      "43.Gullfoss_Falls": 92.0,
      "44.Trevi_Fountain": 100.0,
      "45.Temple_of_Heaven": 80.0,
      "46.Great_Wall_of_China": 84.0,
      "47.Prague_Astronomical_Clock": 100.0,
      "48.Whitby_Abbey": 68.0,
      "49.Temple_of_Olympian_Zeus": 88.0
    }
  }
}