{
  "config": {
    "model": "tl_resnet50",
    "augmentation": "flip-crop",
    "optimizer": "adamw",
    "scheduler": "warmup-cosine",
    "epochs": 20,
    "batch_size": 32,
    "learning_rate": 0.001,
    "image_size": 224,
    "freeze_backbone": true,
    "trainable_parameters": 102450,
    "total_parameters": 23610482
  },
  "training": {
    "train_loss": [
      3.7019554126506864,
      2.7388047163195126,
      1.6494868975514267,
      1.1303691112324297,
      0.883854302499388,
      0.7477515293818124,
      0.6457181583018985,
      0.5737377093319391,
      0.5139571917402287,
      0.4669584541256803,
      0.4279408273077696,
      0.40733571507410354,
      0.3677833202532496,
      0.36740434561332647,
      0.34795445619904913,
      0.33401505015079963,
      0.32873242022656035,
      0.3219564584091969,
      0.31627922721798346,
      0.3246770276303625
    ],
    "val_loss": [
      3.492552020043652,
      2.177071120296524,
      1.4181015723856174,
      1.1499357923805633,
      1.0177304147878221,
      0.9726469524712047,
      0.9220038848184298,
      0.8775890973285935,
      0.864793553212297,
      0.8188634888034001,
      0.8133353362573641,
      0.811601000729804,
      0.8001418121666393,
      0.7897156126827042,
      0.7801409635110914,
      0.7922357704356133,
      0.7786295221389852,
      0.7821063344405395,
      0.7911325761568403,
      0.7854790542727319
    ],
    "val_accuracy": [
      36.84913217623498,
      66.75567423230974,
      71.69559412550066,
      74.76635514018692,
      77.03604806408545,
      77.16955941255007,
      78.37116154873164,
      79.03871829105474,
      79.70627503337784,
      81.04138851802404,
      80.90787716955941,
      79.97329773030708,
      81.30841121495327,
      81.57543391188251,
      81.57543391188251,
      81.17489986648866,
      81.17489986648866,
      81.30841121495327,
      80.64085447263017,
      80.77436582109479
    ],
    "learning_rates": [
      0.00055,
      0.001,
      0.000992403876506104,
      0.0009698463103929542,
      0.0009330127018922194,
      0.0008830222215594889,
      0.0008213938048432695,
      0.0007499999999999999,
      0.0006710100716628344,
      0.0005868240888334652,
      0.0004999999999999999,
      0.00041317591116653475,
      0.00032898992833716573,
      0.00025000000000000006,
      0.00017860619515673028,
      0.00011697777844051103,
      6.698729810778074e-05,
      3.0153689607045835e-05,
      7.5961234938959885e-06,
      0.0
    ],
    "epoch_times": [
      36.421181440353394,
      37.61657381057739,
      37.159310817718506,
      36.73048639297485,
      37.37235426902771,
      36.9381685256958,
      36.52031135559082,
      36.19995737075806,
      37.05945587158203,
      36.557010650634766,
      36.862359046936035,
      36.70949339866638,
      37.040489196777344,
      37.234503746032715,
      37.50473165512085,
      36.87547993659973,
      36.89020872116089,
      37.69711399078369,
      36.45130491256714,
      36.738728761672974
    ],
    "total_time": 738.5792238712311,
    "best_val_loss": 0.7786295221389852
  },
  "evaluation": {
    "overall_accuracy": 81.28,
    "top_k_accuracy": {
      "top_1": 81.28,
      "top_3": 91.44,
      "top_5": 93.84
    },
    "per_class_accuracy": {
      "00.Haleakala_National_Park": 60.0,
      "01.Mount_Rainier_National_Park": 60.0,
      "02.Ljubljana_Castle": 92.0,
      "03.Dead_Sea": 44.0,
      "04.Wroclaws_Dwarves": 88.0,
      "05.London_Olympic_Stadium": 92.0,
      "06.Niagara_Falls": 60.0,
      "07.Stonehenge": 100.0,
      "08.Grand_Canyon": 76.0,
      "09.Golden_Gate_Bridge": 92.0,
      "10.Edinburgh_Castle": 60.0,
      "11.Mount_Rushmore_National_Memorial": 72.0,
      "12.Kantanagar_Temple": 96.0,
      "13.Yellowstone_National_Park": 60.0,
      "14.Terminal_Tower": 92.0,
      "15.Central_Park": 44.0,
      "16.Eiffel_Tower": 92.0,
      "17.Changdeokgung": 60.0,
      "18.Delicate_Arch": 96.0,
      "19.Vienna_City_Hall": 92.0,
      "20.Matterhorn": 88.0,
      "21.Taj_Mahal": 92.0,
      "22.Moscow_Raceway": 88.0,
      "23.Externsteine": 88.0,
      "24.Soreq_Cave": 96.0,
      "25.Banff_National_Park": 68.0,
      "26.Pont_du_Gard": 96.0,
      "27.Seattle_Japanese_Garden": 84.0,
      "28.Sydney_Harbour_Bridge": 76.0,
      "29.Petronas_Towers": 100.0,
      "30.Brooklyn_Bridge": 88.0,
      "31.Washington_Monument": 92.0,
      "32.Hanging_Temple": 80.0,
      "33.Sydney_Opera_House": 84.0,
      "34.Great_Barrier_Reef": 84.0,
      "35.Monumento_a_la_Revolucion": 88.0,
      "36.Badlands_National_Park": 72.0,
      "37.Atomium": 84.0,
      "38.Forth_Bridge": 84.0,
      "39.Gateway_of_India": 84.0,
      "40.Stockholm_City_Hall": 72.0,
      "41.Machu_Picchu": 76.0,
      "42.Death_Valley_National_Park": 60.0,
      "43.Gullfoss_Falls": 92.0,
      "44.Trevi_Fountain": 100.0,
      "45.Temple_of_Heaven": 84.0,
      "46.Great_Wall_of_China": 80.0,
      "47.Prague_Astronomical_Clock": 100.0,
      "48.Whitby_Abbey": 64.0,
      "49.Temple_of_Olympian_Zeus": 92.0
    }
  }
}