{
  "config": {
    "model": "tl_resnet50",
    "augmentation": "randaug",
    "optimizer": "adamw",
    "scheduler": "warmup-cosine",
    "epochs": 20,
    "batch_size": 32,
    "learning_rate": 0.001,
    "image_size": 224,
    "freeze_backbone": true,
    "trainable_parameters": 102450,
    "total_parameters": 23610482
  },
  "training": {
    "train_loss": [
      3.71589329614902,
      2.816932270996762,
      1.77677401891169,
      1.2429642636606995,
      0.9910348439345732,
      0.859506356090216,
      0.7579960979403736,
      0.6591446126857476,
      0.6089064436770619,
      0.5588095862499989,
      0.5250126033607359,
      0.49053338798096746,
      0.4748549516801136,
      0.44773570867266294,
      0.4287865404342241,
      0.4204938913868095,
      0.40779124503139047,
      0.41185374241142464,
      0.4175319067163694,
      0.3957463938936728
    ],
    "val_loss": [
      3.496026677983466,
      2.203151592425256,
      1.4408295816668522,
      1.1597940695779188,
      1.0337133342338023,
      0.9590403646907119,
      0.906547666391798,
      0.8550589449096904,
      0.8355220745657091,
      0.8276929693005591,
      0.7997944335912035,
      0.7897217225964779,
      0.7889909379791036,
      0.7838311415011479,
      0.773070554707811,
      0.7758344752447945,
      0.7735832207034204,
      0.77109248074734,
      0.7653579337892927,
      0.7699112930348783
    ],
    "val_accuracy": [
      38.05073431241656,
      64.75300400534046,
      71.02803738317758,
      74.76635514018692,
      75.43391188251002,
      77.30307076101468,
      77.70360480640855,
      79.57276368491321,
      79.17222963951936,
      79.70627503337784,
      79.57276368491321,
      79.57276368491321,
      79.97329773030708,
      79.4392523364486,
      79.83978638184246,
      79.97329773030708,
      79.17222963951936,
      79.83978638184246,
      80.10680907877169,
      80.10680907877169
    ],
    "learning_rates": [
      0.00055,
      0.001,
      0.000992403876506104,
      0.0009698463103929542,
      0.0009330127018922194,
      0.0008830222215594889,
      0.0008213938048432695,
      0.0007499999999999999,
      0.0006710100716628344,
      0.0005868240888334652,
      0.0004999999999999999,
      0.00041317591116653475,
      0.00032898992833716573,
      0.00025000000000000006,
      0.00017860619515673028,
      0.00011697777844051103,
      6.698729810778074e-05,
      3.0153689607045835e-05,
      7.5961234938959885e-06,
      0.0
    ],
    "epoch_times": [
      41.70034885406494,
      41.54564189910889,
      40.96028733253479,
      41.234514474868774,
      40.231141805648804,
      40.95163607597351,
      41.92611908912659,
      41.48202180862427,
      41.210126876831055,
      41.02260732650757,
      41.195207834243774,
      41.26645350456238,
      41.6438844203949,
      41.1540732383728,
      41.442559480667114,
      41.36610388755798,
      41.126970529556274,
      41.52813410758972,
      41.29815316200256,
      40.781848669052124
    ],
    "total_time": 825.0678343772888,
    "best_val_loss": 0.7653579337892927
  },
  "evaluation": {
    "overall_accuracy": 82.72,
    "top_k_accuracy": {
      "top_1": 82.72,
      "top_3": 92.08,
      "top_5": 94.4
    },
    "per_class_accuracy": {
      "00.Haleakala_National_Park": 76.0,
      "01.Mount_Rainier_National_Park": 52.0,
      "02.Ljubljana_Castle": 88.0,
      "03.Dead_Sea": 64.0,
      "04.Wroclaws_Dwarves": 92.0,
      "05.London_Olympic_Stadium": 88.0,
      "06.Niagara_Falls": 60.0,
      "07.Stonehenge": 100.0,
      "08.Grand_Canyon": 72.0,
      "09.Golden_Gate_Bridge": 92.0,
      "10.Edinburgh_Castle": 60.0,
      "11.Mount_Rushmore_National_Memorial": 76.0,
      "12.Kantanagar_Temple": 96.0,
      "13.Yellowstone_National_Park": 48.0,
      "14.Terminal_Tower": 96.0,
      "15.Central_Park": 56.00000000000001,
      "16.Eiffel_Tower": 92.0,
      "17.Changdeokgung": 64.0,
      "18.Delicate_Arch": 96.0,
      "19.Vienna_City_Hall": 88.0,
      "20.Matterhorn": 80.0,
      "21.Taj_Mahal": 92.0,
      "22.Moscow_Raceway": 88.0,
      "23.Externsteine": 92.0,
      "24.Soreq_Cave": 100.0,
      "25.Banff_National_Park": 68.0,
      "26.Pont_du_Gard": 100.0,
      "27.Seattle_Japanese_Garden": 84.0,
      "28.Sydney_Harbour_Bridge": 72.0,
      "29.Petronas_Towers": 100.0,
      "30.Brooklyn_Bridge": 84.0,
      "31.Washington_Monument": 88.0,
      "32.Hanging_Temple": 84.0,
      "33.Sydney_Opera_House": 88.0,
      "34.Great_Barrier_Reef": 80.0,
      "35.Monumento_a_la_Revolucion": 92.0,
      "36.Badlands_National_Park": 80.0,
      "37.Atomium": 84.0,
      "38.Forth_Bridge": 88.0,
      "39.Gateway_of_India": 88.0,
      "40.Stockholm_City_Hall": 88.0,
      "41.Machu_Picchu": 84.0,
      "42.Death_Valley_National_Park": 68.0,
      "43.Gullfoss_Falls": 92.0,
      "44.Trevi_Fountain": 100.0,
      "45.Temple_of_Heaven": 76.0,
      "46.Great_Wall_of_China": 84.0,
      "47.Prague_Astronomical_Clock": 100.0,
      "48.Whitby_Abbey": 68.0,
      "49.Temple_of_Olympian_Zeus": 88.0
    }
  }
}