{
  "config": {
    "model": "tl_vit",
    "augmentation": "randaug",
    "optimizer": "adamw",
    "scheduler": "warmup-cosine",
    "epochs": 20,
    "batch_size": 32,
    "learning_rate": 0.001,
    "image_size": 224,
    "freeze_backbone": true,
    "trainable_parameters": 38450,
    "total_parameters": 85837106
  },
  "training": {
    "train_loss": [
      3.5583405230279412,
      2.004712433401826,
      1.075336383473657,
      0.7780608744208101,
      0.624182601788478,
      0.5190627840453943,
      0.43495095221048136,
      0.39166716871638846,
      0.35372464554939154,
      0.320793582666389,
      0.29107260773511445,
      0.2630744037177385,
      0.26010014215356636,
      0.24233932259828309,
      0.2287806453411793,
      0.2181697427061605,
      0.2224220014934908,
      0.212177456421714,
      0.2130035377121376,
      0.20956571948915642
    ],
    "val_loss": [
      3.1239222334287513,
      1.3991419508237546,
      0.9944421065665374,
      0.8639855766805692,
      0.8135907564048614,
      0.7752507422094511,
      0.7534193556522017,
      0.7409692956545006,
      0.7247517381077296,
      0.7215597417867072,
      0.7172760700829357,
      0.7079387500543938,
      0.7100374698638916,
      0.7061240149435596,
      0.7038800366252701,
      0.7019632550202638,
      0.700428909389613,
      0.7000375658233907,
      0.6995215861596794,
      0.6995260712301461
    ],
    "val_accuracy": [
      44.99332443257677,
      72.09612817089453,
      75.3004005340454,
      78.37116154873164,
      78.63818424566088,
      79.70627503337784,
      80.50734312416556,
      79.70627503337784,
      80.37383177570094,
      80.90787716955941,
      80.77436582109479,
      81.04138851802404,
      80.10680907877169,
      80.10680907877169,
      80.24032042723631,
      80.77436582109479,
      80.50734312416556,
      80.64085447263017,
      80.64085447263017,
      80.64085447263017
    ],
    "learning_rates": [
      0.00055,
      0.001,
      0.000992403876506104,
      0.0009698463103929542,
      0.0009330127018922194,
      0.0008830222215594889,
      0.0008213938048432695,
      0.0007499999999999999,
      0.0006710100716628344,
      0.0005868240888334652,
      0.0004999999999999999,
      0.00041317591116653475,
      0.00032898992833716573,
      0.00025000000000000006,
      0.00017860619515673028,
      0.00011697777844051103,
      6.698729810778074e-05,
      3.0153689607045835e-05,
      7.5961234938959885e-06,
      0.0
    ],
    "epoch_times": [
      50.74529981613159,
      51.17088222503662,
      50.93533706665039,
      51.43476390838623,
      50.725141525268555,
      51.1196231842041,
      50.640371322631836,
      51.58459520339966,
      51.3996524810791,
      51.534889459609985,
      51.13660001754761,
      50.87892389297485,
      51.65906381607056,
      51.941351890563965,
      53.82842803001404,
      53.078524351119995,
      53.132047176361084,
      52.88242959976196,
      53.25630593299866,
      53.31945729255676
    ],
    "total_time": 1036.4036881923676,
    "best_val_loss": 0.6995215861596794
  },
  "evaluation": {
    "overall_accuracy": 83.52000000000001,
    "top_k_accuracy": {
      "top_1": 83.52,
      "top_3": 93.2,
      "top_5": 95.68
    },
    "per_class_accuracy": {
      "00.Haleakala_National_Park": 84.0,
      "01.Mount_Rainier_National_Park": 40.0,
      "02.Ljubljana_Castle": 84.0,
      "03.Dead_Sea": 56.00000000000001,
      "04.Wroclaws_Dwarves": 92.0,
      "05.London_Olympic_Stadium": 88.0,
      "06.Niagara_Falls": 52.0,
      "07.Stonehenge": 100.0,
      "08.Grand_Canyon": 84.0,
      "09.Golden_Gate_Bridge": 100.0,
      "10.Edinburgh_Castle": 84.0,
      "11.Mount_Rushmore_National_Memorial": 76.0,
      "12.Kantanagar_Temple": 96.0,
      "13.Yellowstone_National_Park": 60.0,
      "14.Terminal_Tower": 92.0,
      "15.Central_Park": 60.0,
      "16.Eiffel_Tower": 84.0,
      "17.Changdeokgung": 64.0,
      "18.Delicate_Arch": 96.0,
      "19.Vienna_City_Hall": 88.0,
      "20.Matterhorn": 84.0,
      "21.Taj_Mahal": 84.0,
      "22.Moscow_Raceway": 92.0,
      "23.Externsteine": 96.0,
      "24.Soreq_Cave": 96.0,
      "25.Banff_National_Park": 80.0,
      "26.Pont_du_Gard": 92.0,
      "27.Seattle_Japanese_Garden": 96.0,
      "28.Sydney_Harbour_Bridge": 88.0,
      "29.Petronas_Towers": 96.0,
      "30.Brooklyn_Bridge": 88.0,
      "31.Washington_Monument": 80.0,
      "32.Hanging_Temple": 88.0,
      "33.Sydney_Opera_House": 84.0,
      "34.Great_Barrier_Reef": 84.0,
      "35.Monumento_a_la_Revolucion": 68.0,
      "36.Badlands_National_Park": 88.0,
      "37.Atomium": 92.0,
      "38.Forth_Bridge": 88.0,
      "39.Gateway_of_India": 88.0,
      "40.Stockholm_City_Hall": 76.0,
      "41.Machu_Picchu": 88.0,
      "42.Death_Valley_National_Park": 68.0,
      "43.Gullfoss_Falls": 92.0,
      "44.Trevi_Fountain": 100.0,
      "45.Temple_of_Heaven": 80.0,
      "46.Great_Wall_of_China": 76.0,
      "47.Prague_Astronomical_Clock": 100.0,
      "48.Whitby_Abbey": 72.0,
      "49.Temple_of_Olympian_Zeus": 92.0
    }
  }
}