{
  "config": {
    "model": "tl_vit",
    "augmentation": "flip-crop",
    "optimizer": "adamw",
    "scheduler": "cosine",
    "epochs": 20,
    "batch_size": 32,
    "learning_rate": 0.001,
    "image_size": 224,
    "freeze_backbone": true,
    "trainable_parameters": 38450,
    "total_parameters": 85837106
  },
  "training": {
    "train_loss": [
      1.875438406351232,
      0.8725118608173831,
      0.6488548750060009,
      0.5201162927735125,
      0.44267515314307415,
      0.3712350240708352,
      0.330838204973974,
      0.28369707316125115,
      0.25427374804415703,
      0.23593900757086314,
      0.2151602043568288,
      0.1984251018886373,
      0.18484686179275595,
      0.18184108586206923,
      0.17335404899503754,
      0.1682963305981209,
      0.16416917639372908,
      0.1618940236675394,
      0.16207401064639657,
      0.15996034765821754
    ],
    "val_loss": [
      1.1187967958055605,
      0.8944327422232431,
      0.801875043774797,
      0.7705461711527031,
      0.7351749965122768,
      0.7264937684437303,
      0.7116659190530611,
      0.7024295132691775,
      0.7015149031525779,
      0.6999387608987785,
      0.6970729309026008,
      0.6915011014416317,
      0.6874980609789392,
      0.6867680194699398,
      0.6855429137182809,
      0.6861407699508565,
      0.6857349492201659,
      0.6854408675424247,
      0.6853460398153246,
      0.6853549427916116
    ],
    "val_accuracy": [
      73.9652870493992,
      78.23765020026703,
      78.7716955941255,
      80.24032042723631,
      79.97329773030708,
      80.64085447263017,
      80.24032042723631,
      80.37383177570094,
      80.77436582109479,
      81.04138851802404,
      80.37383177570094,
      80.50734312416556,
      81.04138851802404,
      81.30841121495327,
      81.44192256341789,
      81.04138851802404,
      81.30841121495327,
      81.30841121495327,
      81.30841121495327,
      81.30841121495327
    ],
    "learning_rates": [
      0.0009938441702975688,
      0.0009755282581475768,
      0.0009455032620941839,
      0.0009045084971874737,
      0.0008535533905932737,
      0.0007938926261462366,
      0.0007269952498697733,
      0.0006545084971874737,
      0.0005782172325201155,
      0.0005,
      0.0004217827674798847,
      0.00034549150281252633,
      0.00027300475013022663,
      0.00020610737385376348,
      0.00014644660940672625,
      9.549150281252631e-05,
      5.4496737905816096e-05,
      2.447174185242323e-05,
      6.15582970243117e-06,
      0.0
    ],
    "epoch_times": [
      50.94266080856323,
      50.94016170501709,
      51.04811954498291,
      50.77319312095642,
      50.79492783546448,
      51.104084491729736,
      50.606114625930786,
      50.769803047180176,
      51.19921875,
      51.33997416496277,
      51.312623262405396,
      52.145047664642334,
      50.45844340324402,
      50.919886350631714,
      51.191972732543945,
      52.50982093811035,
      53.318583965301514,
      53.11559343338013,
      53.25833344459534,
      54.049647092819214
    ],
    "total_time": 1031.7982103824615,
    "best_val_loss": 0.6853460398153246
  },
  "evaluation": {
    "overall_accuracy": 84.39999999999999,
    "top_k_accuracy": {
      "top_1": 84.4,
      "top_3": 92.96,
      "top_5": 95.52
    },
    "per_class_accuracy": {
      "00.Haleakala_National_Park": 84.0,
      "01.Mount_Rainier_National_Park": 40.0,
      "02.Ljubljana_Castle": 88.0,
      "03.Dead_Sea": 68.0,
      "04.Wroclaws_Dwarves": 88.0,
      "05.London_Olympic_Stadium": 88.0,
      "06.Niagara_Falls": 68.0,
      "07.Stonehenge": 100.0,
      "08.Grand_Canyon": 80.0,
      "09.Golden_Gate_Bridge": 96.0,
      "10.Edinburgh_Castle": 84.0,
      "11.Mount_Rushmore_National_Memorial": 76.0,
      "12.Kantanagar_Temple": 100.0,
      "13.Yellowstone_National_Park": 64.0,
      "14.Terminal_Tower": 88.0,
      "15.Central_Park": 56.00000000000001,
      "16.Eiffel_Tower": 84.0,
      "17.Changdeokgung": 64.0,
      "18.Delicate_Arch": 96.0,
      "19.Vienna_City_Hall": 92.0,
      "20.Matterhorn": 84.0,
      "21.Taj_Mahal": 92.0,
      "22.Moscow_Raceway": 92.0,
      "23.Externsteine": 96.0,
      "24.Soreq_Cave": 96.0,
      "25.Banff_National_Park": 84.0,
      "26.Pont_du_Gard": 92.0,
      "27.Seattle_Japanese_Garden": 88.0,
      "28.Sydney_Harbour_Bridge": 88.0,
      "29.Petronas_Towers": 96.0,
      "30.Brooklyn_Bridge": 84.0,
      "31.Washington_Monument": 84.0,
      "32.Hanging_Temple": 84.0,
      "33.Sydney_Opera_House": 88.0,
      "34.Great_Barrier_Reef": 80.0,
      "35.Monumento_a_la_Revolucion": 72.0,
      "36.Badlands_National_Park": 80.0,
      "37.Atomium": 92.0,
      "38.Forth_Bridge": 88.0,
      "39.Gateway_of_India": 84.0,
      "40.Stockholm_City_Hall": 88.0,
      "41.Machu_Picchu": 96.0,
      "42.Death_Valley_National_Park": 68.0,
      "43.Gullfoss_Falls": 92.0,
      "44.Trevi_Fountain": 100.0,
      "45.Temple_of_Heaven": 88.0,
      "46.Great_Wall_of_China": 80.0,
      "47.Prague_Astronomical_Clock": 100.0,
      "48.Whitby_Abbey": 72.0,
      "49.Temple_of_Olympian_Zeus": 88.0
    }
  }
}