{
  "config": {
    "model": "tl_vit",
    "augmentation": "mixup",
    "optimizer": "adamw",
    "scheduler": "warmup-cosine",
    "epochs": 20,
    "batch_size": 32,
    "learning_rate": 0.001,
    "image_size": 224,
    "freeze_backbone": true,
    "trainable_parameters": 38450,
    "total_parameters": 85837106
  },
  "training": {
    "train_loss": [
      3.642645407654915,
      2.1967846076853954,
      1.4762772676213254,
      1.2725120903689469,
      1.0965723172759965,
      1.0845400264242382,
      1.1010734859511013,
      0.9778668907689633,
      0.7867860775611977,
      0.8107844732187763,
      0.7609402934663403,
      0.792566249840451,
      0.7493820395053121,
      0.7546904757145239,
      0.813645823635661,
      0.7933096956695869,
      0.7847621772312854,
      0.8182974663697498,
      0.7588218300938185,
      0.8112070023213551
    ],
    "val_loss": [
      3.177566214142559,
      1.4131446432207868,
      1.009538151393427,
      0.8974054055474947,
      0.8223573943483177,
      0.8012858388898211,
      0.7816375183645332,
      0.7646772592503811,
      0.7568326556634839,
      0.7342459939032275,
      0.730825142166484,
      0.7305696188846481,
      0.720960723064611,
      0.7173772229053309,
      0.7199806823272094,
      0.7125721709909681,
      0.7119897441647559,
      0.7109752840925759,
      0.7112089845940013,
      0.7112032329447279
    ],
    "val_accuracy": [
      40.720961281708945,
      72.09612817089453,
      76.50200267022697,
      77.97062750333778,
      78.63818424566088,
      80.24032042723631,
      80.64085447263017,
      80.24032042723631,
      81.04138851802404,
      81.84245660881174,
      81.17489986648866,
      81.04138851802404,
      81.04138851802404,
      81.44192256341789,
      81.17489986648866,
      81.44192256341789,
      81.30841121495327,
      81.44192256341789,
      81.44192256341789,
      81.44192256341789
    ],
    "learning_rates": [
      0.00055,
      0.001,
      0.000992403876506104,
      0.0009698463103929542,
      0.0009330127018922194,
      0.0008830222215594889,
      0.0008213938048432695,
      0.0007499999999999999,
      0.0006710100716628344,
      0.0005868240888334652,
      0.0004999999999999999,
      0.00041317591116653475,
      0.00032898992833716573,
      0.00025000000000000006,
      0.00017860619515673028,
      0.00011697777844051103,
      6.698729810778074e-05,
      3.0153689607045835e-05,
      7.5961234938959885e-06,
      0.0
    ],
    "epoch_times": [
      51.321022510528564,
      51.94470143318176,
      51.805415391922,
      51.20235824584961,
      51.367576599121094,
      50.89580416679382,
      51.40286946296692,
      50.81185460090637,
      51.80917692184448,
      51.09068441390991,
      51.496740102767944,
      51.44637179374695,
      50.9767324924469,
      52.21860098838806,
      51.502912282943726,
      51.14480757713318,
      50.86803126335144,
      51.3018217086792,
      50.69120717048645,
      50.959075927734375
    ],
    "total_time": 1026.2577650547028,
    "best_val_loss": 0.7109752840925759
  },
  "evaluation": {
    "overall_accuracy": 84.56,
    "top_k_accuracy": {
      "top_1": 84.56,
      "top_3": 93.76,
      "top_5": 95.84
    },
    "per_class_accuracy": {
      "00.Haleakala_National_Park": 84.0,
      "01.Mount_Rainier_National_Park": 40.0,
      "02.Ljubljana_Castle": 92.0,
      "03.Dead_Sea": 68.0,
      "04.Wroclaws_Dwarves": 92.0,
      "05.London_Olympic_Stadium": 88.0,
      "06.Niagara_Falls": 56.00000000000001,
      "07.Stonehenge": 100.0,
      "08.Grand_Canyon": 84.0,
      "09.Golden_Gate_Bridge": 96.0,
      "10.Edinburgh_Castle": 84.0,
      "11.Mount_Rushmore_National_Memorial": 76.0,
      "12.Kantanagar_Temple": 96.0,
      "13.Yellowstone_National_Park": 68.0,
      "14.Terminal_Tower": 92.0,
      "15.Central_Park": 60.0,
      "16.Eiffel_Tower": 88.0,
      "17.Changdeokgung": 72.0,
      "18.Delicate_Arch": 96.0,
      "19.Vienna_City_Hall": 92.0,
      "20.Matterhorn": 88.0,
      "21.Taj_Mahal": 92.0,
      "22.Moscow_Raceway": 92.0,
      "23.Externsteine": 96.0,
      "24.Soreq_Cave": 96.0,
      "25.Banff_National_Park": 80.0,
      "26.Pont_du_Gard": 92.0,
      "27.Seattle_Japanese_Garden": 92.0,
      "28.Sydney_Harbour_Bridge": 84.0,
      "29.Petronas_Towers": 96.0,
      "30.Brooklyn_Bridge": 84.0,
      "31.Washington_Monument": 88.0,
      "32.Hanging_Temple": 84.0,
      "33.Sydney_Opera_House": 84.0,
      "34.Great_Barrier_Reef": 84.0,
      "35.Monumento_a_la_Revolucion": 68.0,
      "36.Badlands_National_Park": 88.0,
      "37.Atomium": 92.0,
      "38.Forth_Bridge": 88.0,
      "39.Gateway_of_India": 84.0,
      "40.Stockholm_City_Hall": 84.0,
      "41.Machu_Picchu": 92.0,
      "42.Death_Valley_National_Park": 60.0,
      "43.Gullfoss_Falls": 96.0,
      "44.Trevi_Fountain": 100.0,
      "45.Temple_of_Heaven": 80.0,
      "46.Great_Wall_of_China": 80.0,
      "47.Prague_Astronomical_Clock": 100.0,
      "48.Whitby_Abbey": 72.0,
      "49.Temple_of_Olympian_Zeus": 88.0
    }
  }
}