{
  "config": {
    "model": "tl_vit",
    "augmentation": "mixup",
    "optimizer": "adamw",
    "scheduler": "cosine",
    "epochs": 20,
    "batch_size": 32,
    "learning_rate": 0.001,
    "image_size": 224,
    "freeze_backbone": true,
    "trainable_parameters": 38450,
    "total_parameters": 85837106
  },
  "training": {
    "train_loss": [
      2.219940492004851,
      1.4043533058202433,
      1.119565297329541,
      1.193392051032551,
      1.074950382741502,
      0.964444869878799,
      0.9466425616628342,
      0.7262341613232851,
      0.8576698870077284,
      0.878228793768482,
      0.8252981829943589,
      0.7970747058640544,
      0.8522124797393497,
      0.8257099909728517,
      0.8209265434857057,
      0.7650858153167376,
      0.7870648621895298,
      0.7941608417727455,
      0.7067178171404339,
      0.81282279070108
    ],
    "val_loss": [
      1.1621041867697988,
      0.9445127180326128,
      0.8497810023171561,
      0.8133926515744748,
      0.7965261961653013,
      0.7650569368586521,
      0.7540820894317729,
      0.7403590937004547,
      0.7332017620669825,
      0.7287411503543523,
      0.7349484977480248,
      0.7247309006740636,
      0.7307658357836694,
      0.7266673091575205,
      0.7257433034708407,
      0.7245467329852889,
      0.7228042882020388,
      0.7236238262841157,
      0.723342055790574,
      0.7233454980582834
    ],
    "val_accuracy": [
      73.56475300400534,
      77.03604806408545,
      78.63818424566088,
      79.4392523364486,
      79.97329773030708,
      81.17489986648866,
      80.37383177570094,
      80.90787716955941,
      81.04138851802404,
      81.04138851802404,
      81.04138851802404,
      80.37383177570094,
      80.77436582109479,
      80.50734312416556,
      80.24032042723631,
      80.24032042723631,
      80.24032042723631,
      80.50734312416556,
      80.64085447263017,
      80.64085447263017
    ],
    "learning_rates": [
      0.0009938441702975688,
      0.0009755282581475768,
      0.0009455032620941839,
      0.0009045084971874737,
      0.0008535533905932737,
      0.0007938926261462366,
      0.0007269952498697733,
      0.0006545084971874737,
      0.0005782172325201155,
      0.0005,
      0.0004217827674798847,
      0.00034549150281252633,
      0.00027300475013022663,
      0.00020610737385376348,
      0.00014644660940672625,
      9.549150281252631e-05,
      5.4496737905816096e-05,
      2.447174185242323e-05,
      6.15582970243117e-06,
      0.0
    ],
    "epoch_times": [
      53.3264856338501,
      53.287346839904785,
      53.68263792991638,
      53.44055438041687,
      53.48283004760742,
      53.39947509765625,
      51.313276052474976,
      51.202521562576294,
      51.097914934158325,
      51.045687675476074,
      51.5280327796936,
      51.424920082092285,
      51.45986342430115,
      50.98406672477722,
      51.57417845726013,
      50.93827939033508,
      51.34267044067383,
      50.77497148513794,
      50.88753604888916,
      51.041975021362305
    ],
    "total_time": 1037.2352240085602,
    "best_val_loss": 0.7228042882020388
  },
  "evaluation": {
    "overall_accuracy": 84.8,
    "top_k_accuracy": {
      "top_1": 84.8,
      "top_3": 93.44,
      "top_5": 95.6
    },
    "per_class_accuracy": {
      "00.Haleakala_National_Park": 84.0,
      "01.Mount_Rainier_National_Park": 36.0,
      "02.Ljubljana_Castle": 88.0,
      "03.Dead_Sea": 64.0,
      "04.Wroclaws_Dwarves": 96.0,
      "05.London_Olympic_Stadium": 88.0,
      "06.Niagara_Falls": 60.0,
      "07.Stonehenge": 100.0,
      "08.Grand_Canyon": 88.0,
      "09.Golden_Gate_Bridge": 96.0,
      "10.Edinburgh_Castle": 88.0,
      "11.Mount_Rushmore_National_Memorial": 80.0,
      "12.Kantanagar_Temple": 96.0,
      "13.Yellowstone_National_Park": 72.0,
      "14.Terminal_Tower": 88.0,
      "15.Central_Park": 68.0,
      "16.Eiffel_Tower": 80.0,
      "17.Changdeokgung": 68.0,
      "18.Delicate_Arch": 96.0,
      "19.Vienna_City_Hall": 92.0,
      "20.Matterhorn": 92.0,
      "21.Taj_Mahal": 88.0,
      "22.Moscow_Raceway": 92.0,
      "23.Externsteine": 96.0,
      "24.Soreq_Cave": 96.0,
      "25.Banff_National_Park": 84.0,
      "26.Pont_du_Gard": 92.0,
      "27.Seattle_Japanese_Garden": 88.0,
      "28.Sydney_Harbour_Bridge": 88.0,
      "29.Petronas_Towers": 96.0,
      "30.Brooklyn_Bridge": 84.0,
      "31.Washington_Monument": 88.0,
      "32.Hanging_Temple": 84.0,
      "33.Sydney_Opera_House": 88.0,
      "34.Great_Barrier_Reef": 80.0,
      "35.Monumento_a_la_Revolucion": 68.0,
      "36.Badlands_National_Park": 88.0,
      "37.Atomium": 92.0,
      "38.Forth_Bridge": 88.0,
      "39.Gateway_of_India": 84.0,
      "40.Stockholm_City_Hall": 84.0,
      "41.Machu_Picchu": 92.0,
      "42.Death_Valley_National_Park": 64.0,
      "43.Gullfoss_Falls": 96.0,
      "44.Trevi_Fountain": 100.0,
      "45.Temple_of_Heaven": 76.0,
      "46.Great_Wall_of_China": 80.0,
      "47.Prague_Astronomical_Clock": 100.0,
      "48.Whitby_Abbey": 72.0,
      "49.Temple_of_Olympian_Zeus": 92.0
    }
  }
}