{
  "config": {
    "model": "tl_vit",
    "augmentation": "randaug",
    "optimizer": "adamw",
    "scheduler": "cosine",
    "epochs": 20,
    "batch_size": 32,
    "learning_rate": 0.001,
    "image_size": 224,
    "freeze_backbone": true,
    "trainable_parameters": 38450,
    "total_parameters": 85837106
  },
  "training": {
    "train_loss": [
      1.9210355112854105,
      0.9028209918859512,
      0.6857289643688484,
      0.5630062168728528,
      0.45984531886751073,
      0.4037149777714438,
      0.35348431300788535,
      0.3131149115914986,
      0.291602182036039,
      0.2597627034671789,
      0.24483578871257564,
      0.22343285790549633,
      0.22391026529012245,
      0.20759781877384598,
      0.194316312333879,
      0.19157889394310185,
      0.1929021823720593,
      0.18307731535495353,
      0.182135386216604,
      0.18522838791707333
    ],
    "val_loss": [
      1.159222867046402,
      0.9264734666719934,
      0.8532315250709951,
      0.7983991829193482,
      0.771764688084377,
      0.7575888057576321,
      0.7409757665384595,
      0.7222317805754963,
      0.7209418626907511,
      0.7162875516392361,
      0.7125399117476154,
      0.7113172565506043,
      0.7132276829794666,
      0.7108015235816844,
      0.7089498063750833,
      0.7044993946167114,
      0.704048762015889,
      0.7039662044102423,
      0.7039297768207036,
      0.70385213974162
    ],
    "val_accuracy": [
      72.09612817089453,
      76.36849132176235,
      77.4365821094793,
      76.36849132176235,
      79.03871829105474,
      79.83978638184246,
      79.70627503337784,
      79.83978638184246,
      79.4392523364486,
      80.64085447263017,
      80.37383177570094,
      80.50734312416556,
      79.97329773030708,
      80.37383177570094,
      80.37383177570094,
      80.24032042723631,
      80.37383177570094,
      80.64085447263017,
      80.64085447263017,
      80.64085447263017
    ],
    "learning_rates": [
      0.0009938441702975688,
      0.0009755282581475768,
      0.0009455032620941839,
      0.0009045084971874737,
      0.0008535533905932737,
      0.0007938926261462366,
      0.0007269952498697733,
      0.0006545084971874737,
      0.0005782172325201155,
      0.0005,
      0.0004217827674798847,
      0.00034549150281252633,
      0.00027300475013022663,
      0.00020610737385376348,
      0.00014644660940672625,
      9.549150281252631e-05,
      5.4496737905816096e-05,
      2.447174185242323e-05,
      6.15582970243117e-06,
      0.0
    ],
    "epoch_times": [
      50.62047457695007,
      50.78100085258484,
      51.482136726379395,
      51.438788652420044,
      50.866239070892334,
      51.9850287437439,
      51.08611440658569,
      51.008037090301514,
      51.30497097969055,
      51.093252658843994,
      50.732513189315796,
      50.657997369766235,
      51.036964893341064,
      50.57231020927429,
      51.095967054367065,
      51.131133794784546,
      51.32878518104553,
      51.25571632385254,
      50.66867160797119,
      51.083290100097656
    ],
    "total_time": 1021.2293934822083,
    "best_val_loss": 0.70385213974162
  },
  "evaluation": {
    "overall_accuracy": 84.08,
    "top_k_accuracy": {
      "top_1": 84.08,
      "top_3": 93.28,
      "top_5": 95.44
    },
    "per_class_accuracy": {
      "00.Haleakala_National_Park": 80.0,
      "01.Mount_Rainier_National_Park": 40.0,
      "02.Ljubljana_Castle": 88.0,
      "03.Dead_Sea": 56.00000000000001,
      "04.Wroclaws_Dwarves": 92.0,
      "05.London_Olympic_Stadium": 88.0,
      "06.Niagara_Falls": 68.0,
      "07.Stonehenge": 100.0,
      "08.Grand_Canyon": 88.0,
      "09.Golden_Gate_Bridge": 96.0,
      "10.Edinburgh_Castle": 88.0,
      "11.Mount_Rushmore_National_Memorial": 76.0,
      "12.Kantanagar_Temple": 96.0,
      "13.Yellowstone_National_Park": 56.00000000000001,
      "14.Terminal_Tower": 88.0,
      "15.Central_Park": 56.00000000000001,
      "16.Eiffel_Tower": 80.0,
      "17.Changdeokgung": 64.0,
      "18.Delicate_Arch": 100.0,
      "19.Vienna_City_Hall": 96.0,
      "20.Matterhorn": 88.0,
      "21.Taj_Mahal": 84.0,
      "22.Moscow_Raceway": 88.0,
      "23.Externsteine": 96.0,
      "24.Soreq_Cave": 96.0,
      "25.Banff_National_Park": 80.0,
      "26.Pont_du_Gard": 96.0,
      "27.Seattle_Japanese_Garden": 92.0,
      "28.Sydney_Harbour_Bridge": 88.0,
      "29.Petronas_Towers": 96.0,
      "30.Brooklyn_Bridge": 88.0,
      "31.Washington_Monument": 80.0,
      "32.Hanging_Temple": 88.0,
      "33.Sydney_Opera_House": 88.0,
      "34.Great_Barrier_Reef": 84.0,
      "35.Monumento_a_la_Revolucion": 76.0,
      "36.Badlands_National_Park": 88.0,
      "37.Atomium": 92.0,
      "38.Forth_Bridge": 88.0,
      "39.Gateway_of_India": 84.0,
      "40.Stockholm_City_Hall": 84.0,
      "41.Machu_Picchu": 96.0,
      "42.Death_Valley_National_Park": 60.0,
      "43.Gullfoss_Falls": 92.0,
      "44.Trevi_Fountain": 100.0,
      "45.Temple_of_Heaven": 72.0,
      "46.Great_Wall_of_China": 80.0,
      "47.Prague_Astronomical_Clock": 100.0,
      "48.Whitby_Abbey": 72.0,
      "49.Temple_of_Olympian_Zeus": 92.0
    }
  }
}