{
  "config": {
    "model": "tl_vit",
    "augmentation": "flip-crop",
    "optimizer": "adamw",
    "scheduler": "warmup-cosine",
    "epochs": 20,
    "batch_size": 32,
    "learning_rate": 0.001,
    "image_size": 224,
    "freeze_backbone": true,
    "trainable_parameters": 38450,
    "total_parameters": 85837106
  },
  "training": {
    "train_loss": [
      3.5593570429548422,
      1.972553744410413,
      1.0506368135041788,
      0.7348982619487007,
      0.5918761998000974,
      0.5031477085051325,
      0.41569848902819995,
      0.3655053853658836,
      0.3170762302554409,
      0.29582255093145293,
      0.26552148125074543,
      0.24099181478433898,
      0.22752632343519258,
      0.21349733936167728,
      0.20441690821324288,
      0.19512148353389383,
      0.187195736536818,
      0.1956471012309211,
      0.1814304172347118,
      0.19035881809663963
    ],
    "val_loss": [
      3.1320966006280266,
      1.376888014923269,
      0.9709619262985617,
      0.8439974646383676,
      0.7794100975640148,
      0.7552924867624912,
      0.7250949013853901,
      0.7179630574619817,
      0.7076036890294746,
      0.6963449100626804,
      0.6843184665621361,
      0.6843971440566079,
      0.6807774852846907,
      0.6783536562773191,
      0.6796160721492386,
      0.6777183987269891,
      0.6765668158219239,
      0.675118243264579,
      0.6754022540651431,
      0.6752599151494187
    ],
    "val_accuracy": [
      43.12416555407209,
      71.82910547396529,
      77.30307076101468,
      79.30574098798398,
      79.97329773030708,
      79.4392523364486,
      80.50734312416556,
      80.50734312416556,
      80.64085447263017,
      81.17489986648866,
      80.24032042723631,
      80.50734312416556,
      81.17489986648866,
      81.17489986648866,
      81.04138851802404,
      80.37383177570094,
      80.64085447263017,
      81.04138851802404,
      81.04138851802404,
      81.17489986648866
    ],
    "learning_rates": [
      0.00055,
      0.001,
      0.000992403876506104,
      0.0009698463103929542,
      0.0009330127018922194,
      0.0008830222215594889,
      0.0008213938048432695,
      0.0007499999999999999,
      0.0006710100716628344,
      0.0005868240888334652,
      0.0004999999999999999,
      0.00041317591116653475,
      0.00032898992833716573,
      0.00025000000000000006,
      0.00017860619515673028,
      0.00011697777844051103,
      6.698729810778074e-05,
      3.0153689607045835e-05,
      7.5961234938959885e-06,
      0.0
    ],
    "epoch_times": [
      53.49357748031616,
      53.128530740737915,
      53.47162985801697,
      54.051997661590576,
      53.86746072769165,
      53.43083691596985,
      52.8829071521759,
      53.172996282577515,
      53.59093618392944,
      53.49337935447693,
      51.11016607284546,
      51.11779522895813,
      50.96093964576721,
      50.897364377975464,
      51.30340647697449,
      51.56974697113037,
      51.15251445770264,
      51.02653622627258,
      50.90200686454773,
      50.56043314933777
    ],
    "total_time": 1045.1851618289948,
    "best_val_loss": 0.675118243264579
  },
  "evaluation": {
    "overall_accuracy": 83.76,
    "top_k_accuracy": {
      "top_1": 83.76,
      "top_3": 93.12,
      "top_5": 95.44
    },
    "per_class_accuracy": {
      "00.Haleakala_National_Park": 80.0,
      "01.Mount_Rainier_National_Park": 40.0,
      "02.Ljubljana_Castle": 80.0,
      "03.Dead_Sea": 60.0,
      "04.Wroclaws_Dwarves": 88.0,
      "05.London_Olympic_Stadium": 88.0,
      "06.Niagara_Falls": 64.0,
      "07.Stonehenge": 100.0,
      "08.Grand_Canyon": 80.0,
      "09.Golden_Gate_Bridge": 92.0,
      "10.Edinburgh_Castle": 84.0,
      "11.Mount_Rushmore_National_Memorial": 76.0,
      "12.Kantanagar_Temple": 96.0,
      "13.Yellowstone_National_Park": 76.0,
      "14.Terminal_Tower": 92.0,
      "15.Central_Park": 60.0,
      "16.Eiffel_Tower": 84.0,
      "17.Changdeokgung": 64.0,
      "18.Delicate_Arch": 96.0,
      "19.Vienna_City_Hall": 88.0,
      "20.Matterhorn": 84.0,
      "21.Taj_Mahal": 88.0,
      "22.Moscow_Raceway": 88.0,
      "23.Externsteine": 96.0,
      "24.Soreq_Cave": 96.0,
      "25.Banff_National_Park": 80.0,
      "26.Pont_du_Gard": 92.0,
      "27.Seattle_Japanese_Garden": 92.0,
      "28.Sydney_Harbour_Bridge": 88.0,
      "29.Petronas_Towers": 96.0,
      "30.Brooklyn_Bridge": 84.0,
      "31.Washington_Monument": 84.0,
      "32.Hanging_Temple": 84.0,
      "33.Sydney_Opera_House": 88.0,
      "34.Great_Barrier_Reef": 84.0,
      "35.Monumento_a_la_Revolucion": 72.0,
      "36.Badlands_National_Park": 80.0,
      "37.Atomium": 92.0,
      "38.Forth_Bridge": 88.0,
      "39.Gateway_of_India": 88.0,
      "40.Stockholm_City_Hall": 88.0,
      "41.Machu_Picchu": 92.0,
      "42.Death_Valley_National_Park": 64.0,
      "43.Gullfoss_Falls": 92.0,
      "44.Trevi_Fountain": 100.0,
      "45.Temple_of_Heaven": 84.0,
      "46.Great_Wall_of_China": 76.0,
      "47.Prague_Astronomical_Clock": 100.0,
      "48.Whitby_Abbey": 72.0,
      "49.Temple_of_Olympian_Zeus": 88.0
    }
  }
}